USE KocsisHostel
GO


INSERT INTO Person.PersonType (type_name, acronym) VALUES('private','P')--1
INSERT INTO Person.PersonType (type_name, acronym) VALUES('homless','H')--2
INSERT INTO Person.PersonType (type_name, acronym) VALUES('employee','E')--3
GO

INSERT INTO Hostel.AccommodationType (acc_type_name) VALUES('Private accommodation')--1
INSERT INTO Hostel.AccommodationType (acc_type_name) VALUES('Homless accommodation')--2
GO

INSERT INTO Hostel.RoomType (room_type_name,person_number) VALUES('single room',1)--1
INSERT INTO Hostel.RoomType (room_type_name,person_number) VALUES('double room',2)--2
INSERT INTO Hostel.RoomType (room_type_name,person_number) VALUES('four-beded room',4)--3
GO

INSERT INTO Hostel.RoomGender (gender_name,acronym) VALUES('Male','M')--1
INSERT INTO Hostel.RoomGender (gender_name,acronym) VALUES('Female','F')--2
INSERT INTO Hostel.RoomGender (gender_name,acronym) VALUES('All gender','A')--3
GO

INSERT INTO HumanResources.Position (position_name) VALUES('head of institution')--1
INSERT INTO HumanResources.Position (position_name) VALUES('head of social workers')--2
INSERT INTO HumanResources.Position (position_name) VALUES('booking clerk')--3
INSERT INTO HumanResources.Position (position_name) VALUES('social worker')--4
INSERT INTO HumanResources.Position (position_name) VALUES('receptionist')--5
INSERT INTO HumanResources.Position (position_name) VALUES('head of maintenance')--6
INSERT INTO HumanResources.Position (position_name) VALUES('security guard')--7
INSERT INTO HumanResources.Position (position_name) VALUES('janitor')--8
INSERT INTO HumanResources.Position (position_name) VALUES('cleaning')--9
GO

INSERT INTO HumanResources.Office (office_name,office_phone) VALUES('management office 1','06-1-203-0000')--1
INSERT INTO HumanResources.Office (office_name,office_phone) VALUES('management office 2','06-1-203-0001')--2
INSERT INTO HumanResources.Office (office_name,office_phone) VALUES('booking clerk office','06-1-203-0002')--3
INSERT INTO HumanResources.Office (office_name,office_phone) VALUES('oncall social office','06-1-203-0003')--4
INSERT INTO HumanResources.Office (office_name,office_phone) VALUES('reception','06-1-203-0004')--5
INSERT INTO HumanResources.Office (office_name,office_phone) VALUES('social office 1','06-1-203-0005')--6
INSERT INTO HumanResources.Office (office_name,office_phone) VALUES('social office 2','06-1-203-0006')--7
INSERT INTO HumanResources.Office (office_name,office_phone) VALUES('maintenance office','06-1-203-0007')--8
INSERT INTO HumanResources.Office (office_name,office_phone) VALUES('janitor room','06-1-203-0008')--9
INSERT INTO HumanResources.Office (office_name,office_phone) VALUES('changing room','06-1-203-0009')--10
GO

INSERT INTO Hostel.PriceTable (acc_type_id,room_type_id,month_price) VALUES(1,1,69990)--1
INSERT INTO Hostel.PriceTable (acc_type_id,room_type_id,month_price) VALUES(1,2,57990)--2
INSERT INTO Hostel.PriceTable (acc_type_id,room_type_id,month_price) VALUES(2,3,10300)--3
INSERT INTO Hostel.PriceTable (acc_type_id,room_type_id,month_price) VALUES(2,2,10300)--4
GO

INSERT INTO Hostel.Room (room_number,floor,room_phone,gender_id,price_id) VALUES (101, 1, '06-1-203-0010', 1, 1)
INSERT INTO Hostel.Room (room_number,floor,room_phone,gender_id,price_id) VALUES (102, 1, '06-1-203-0011', 1, 1)
INSERT INTO Hostel.Room (room_number,floor,room_phone,gender_id,price_id) VALUES (103, 1, '06-1-203-0012', 1, 1)
INSERT INTO Hostel.Room (room_number,floor,room_phone,gender_id,price_id) VALUES (104, 1, '06-1-203-0013', 1, 1)
INSERT INTO Hostel.Room (room_number,floor,room_phone,gender_id,price_id) VALUES (105, 1, '06-1-203-0014', 1, 1)
INSERT INTO Hostel.Room (room_number,floor,room_phone,gender_id,price_id) VALUES (106, 1, '06-1-203-0015', 1, 1)
INSERT INTO Hostel.Room (room_number,floor,room_phone,gender_id,price_id) VALUES (107, 1, '06-1-203-0016', 1, 1)
INSERT INTO Hostel.Room (room_number,floor,room_phone,gender_id,price_id) VALUES (108, 1, '06-1-203-0017', 1, 1)
INSERT INTO Hostel.Room (room_number,floor,room_phone,gender_id,price_id) VALUES (109, 1, '06-1-203-0018', 1, 1)
INSERT INTO Hostel.Room (room_number,floor,room_phone,gender_id,price_id) VALUES (110, 1, '06-1-203-0019', 1, 1)
INSERT INTO Hostel.Room (room_number,floor,room_phone,gender_id,price_id) VALUES (201, 2, '06-1-203-0020', 2, 1)
INSERT INTO Hostel.Room (room_number,floor,room_phone,gender_id,price_id) VALUES (202, 2, '06-1-203-0021', 2, 1)
INSERT INTO Hostel.Room (room_number,floor,room_phone,gender_id,price_id) VALUES (203, 2, '06-1-203-0022', 2, 1)
INSERT INTO Hostel.Room (room_number,floor,room_phone,gender_id,price_id) VALUES (204, 2, '06-1-203-0023', 2, 1)
INSERT INTO Hostel.Room (room_number,floor,room_phone,gender_id,price_id) VALUES (205, 2, '06-1-203-0024', 2, 1)
INSERT INTO Hostel.Room (room_number,floor,room_phone,gender_id,price_id) VALUES (206, 2, '06-1-203-0025', 2, 1)
INSERT INTO Hostel.Room (room_number,floor,room_phone,gender_id,price_id) VALUES (207, 2, '06-1-203-0026', 2, 1)
INSERT INTO Hostel.Room (room_number,floor,room_phone,gender_id,price_id) VALUES (208, 2, '06-1-203-0027', 2, 1)
INSERT INTO Hostel.Room (room_number,floor,room_phone,gender_id,price_id) VALUES (209, 2, '06-1-203-0028', 2, 1)
INSERT INTO Hostel.Room (room_number,floor,room_phone,gender_id,price_id) VALUES (210, 2, '06-1-203-0029', 2, 1)
INSERT INTO Hostel.Room (room_number,floor,room_phone,gender_id,price_id) VALUES (301, 3, '06-1-203-0030', 3, 2)
INSERT INTO Hostel.Room (room_number,floor,room_phone,gender_id,price_id) VALUES (302, 3, '06-1-203-0031', 3, 2)
INSERT INTO Hostel.Room (room_number,floor,room_phone,gender_id,price_id) VALUES (303, 3, '06-1-203-0032', 3, 2)
INSERT INTO Hostel.Room (room_number,floor,room_phone,gender_id,price_id) VALUES (304, 3, '06-1-203-0033', 3, 2)
INSERT INTO Hostel.Room (room_number,floor,room_phone,gender_id,price_id) VALUES (305, 3, '06-1-203-0034', 3, 2)
INSERT INTO Hostel.Room (room_number,floor,room_phone,gender_id,price_id) VALUES (306, 3, '06-1-203-0035', 3, 2)
INSERT INTO Hostel.Room (room_number,floor,room_phone,gender_id,price_id) VALUES (307, 3, '06-1-203-0036', 3, 2)
INSERT INTO Hostel.Room (room_number,floor,room_phone,gender_id,price_id) VALUES (308, 3, '06-1-203-0037', 3, 2)
INSERT INTO Hostel.Room (room_number,floor,room_phone,gender_id,price_id) VALUES (309, 3, '06-1-203-0038', 3, 2)
INSERT INTO Hostel.Room (room_number,floor,room_phone,gender_id,price_id) VALUES (310, 3, '06-1-203-0039', 3, 2)
INSERT INTO Hostel.Room (room_number,floor,room_phone,gender_id,price_id) VALUES (401, 4, '06-1-203-0040', 1, 3)
INSERT INTO Hostel.Room (room_number,floor,room_phone,gender_id,price_id) VALUES (402, 4, '06-1-203-0041', 1, 3)
INSERT INTO Hostel.Room (room_number,floor,room_phone,gender_id,price_id) VALUES (403, 4, '06-1-203-0042', 1, 3)
INSERT INTO Hostel.Room (room_number,floor,room_phone,gender_id,price_id) VALUES (404, 4, '06-1-203-0043', 1, 3)
INSERT INTO Hostel.Room (room_number,floor,room_phone,gender_id,price_id) VALUES (405, 4, '06-1-203-0044', 1, 3)
INSERT INTO Hostel.Room (room_number,floor,room_phone,gender_id,price_id) VALUES (406, 4, '06-1-203-0045', 1, 3)
INSERT INTO Hostel.Room (room_number,floor,room_phone,gender_id,price_id) VALUES (407, 4, '06-1-203-0046', 1, 3)
INSERT INTO Hostel.Room (room_number,floor,room_phone,gender_id,price_id) VALUES (408, 4, '06-1-203-0047', 1, 3)
INSERT INTO Hostel.Room (room_number,floor,room_phone,gender_id,price_id) VALUES (409, 4, '06-1-203-0048', 1, 3)
INSERT INTO Hostel.Room (room_number,floor,room_phone,gender_id,price_id) VALUES (410, 4, '06-1-203-0049', 1, 3)
INSERT INTO Hostel.Room (room_number,floor,room_phone,gender_id,price_id) VALUES (501, 5, '06-1-203-0050', 2, 3)
INSERT INTO Hostel.Room (room_number,floor,room_phone,gender_id,price_id) VALUES (502, 5, '06-1-203-0051', 2, 3)
INSERT INTO Hostel.Room (room_number,floor,room_phone,gender_id,price_id) VALUES (503, 5, '06-1-203-0052', 2, 3)
INSERT INTO Hostel.Room (room_number,floor,room_phone,gender_id,price_id) VALUES (504, 5, '06-1-203-0053', 2, 3)
INSERT INTO Hostel.Room (room_number,floor,room_phone,gender_id,price_id) VALUES (505, 5, '06-1-203-0054', 2, 3)
INSERT INTO Hostel.Room (room_number,floor,room_phone,gender_id,price_id) VALUES (506, 5, '06-1-203-0055', 2, 3)
INSERT INTO Hostel.Room (room_number,floor,room_phone,gender_id,price_id) VALUES (507, 5, '06-1-203-0056', 2, 3)
INSERT INTO Hostel.Room (room_number,floor,room_phone,gender_id,price_id) VALUES (508, 5, '06-1-203-0057', 2, 3)
INSERT INTO Hostel.Room (room_number,floor,room_phone,gender_id,price_id) VALUES (509, 5, '06-1-203-0058', 2, 3)
INSERT INTO Hostel.Room (room_number,floor,room_phone,gender_id,price_id) VALUES (510, 5, '06-1-203-0059', 2, 3)
INSERT INTO Hostel.Room (room_number,floor,room_phone,gender_id,price_id) VALUES (601, 6, '06-1-203-0060', 3, 4)
INSERT INTO Hostel.Room (room_number,floor,room_phone,gender_id,price_id) VALUES (602, 6, '06-1-203-0061', 3, 4)
INSERT INTO Hostel.Room (room_number,floor,room_phone,gender_id,price_id) VALUES (603, 6, '06-1-203-0062', 3, 4)
INSERT INTO Hostel.Room (room_number,floor,room_phone,gender_id,price_id) VALUES (604, 6, '06-1-203-0063', 3, 4)
INSERT INTO Hostel.Room (room_number,floor,room_phone,gender_id,price_id) VALUES (605, 6, '06-1-203-0064', 3, 4)
INSERT INTO Hostel.Room (room_number,floor,room_phone,gender_id,price_id) VALUES (606, 6, '06-1-203-0065', 3, 4)
INSERT INTO Hostel.Room (room_number,floor,room_phone,gender_id,price_id) VALUES (607, 6, '06-1-203-0066', 3, 4)
INSERT INTO Hostel.Room (room_number,floor,room_phone,gender_id,price_id) VALUES (608, 6, '06-1-203-0067', 3, 4)
INSERT INTO Hostel.Room (room_number,floor,room_phone,gender_id,price_id) VALUES (609, 6, '06-1-203-0068', 3, 4)
INSERT INTO Hostel.Room (room_number,floor,room_phone,gender_id,price_id) VALUES (610, 6, '06-1-203-0069', 3, 4)
GO

INSERT INTO Person.Person (person_type_id,first_name,last_name,id_number,social_number,tax_number,birth_place,birth_date,gender,nationality) VALUES (1, 'Enoch', 'Rosenbloom', '856387VF', '502065983', '9235632152', 'Rochester', '1983-04-13', 'M', 'American')
INSERT INTO Person.Person (person_type_id,first_name,last_name,id_number,social_number,tax_number,birth_place,birth_date,gender,nationality) VALUES (1, 'Luna', 'Allen', '317251TB', '603201802', '8560556998', 'Atlanta', '1971-03-08', 'F', 'American')
INSERT INTO Person.Person (person_type_id,first_name,last_name,id_number,social_number,tax_number,birth_place,birth_date,gender,nationality) VALUES (1, 'Gabriel', 'Brock', '400999TH', '124619246', '3335216721', 'Manhattan', '1983-06-30', 'M', 'American')
INSERT INTO Person.Person (person_type_id,first_name,last_name,id_number,social_number,tax_number,birth_place,birth_date,gender,nationality) VALUES (1, 'Liv', 'Dempsey', '536371BP', '261612799', '6516745339', 'Durham', '2002-10-18', 'F', 'American')
INSERT INTO Person.Person (person_type_id,first_name,last_name,id_number,social_number,tax_number,birth_place,birth_date,gender,nationality) VALUES (1, 'Sydney', 'Bailey', '441191HM', '571541149', '7632438728', 'Minneapolis', '2000-06-24', 'F', 'American')
INSERT INTO Person.Person (person_type_id,first_name,last_name,id_number,social_number,tax_number,birth_place,birth_date,gender,nationality) VALUES (1, 'Brad', 'Tailor', '445219NK', '945332576', '7372638762', 'Port St. Lucie', '1991-11-18', 'M', 'American')
INSERT INTO Person.Person (person_type_id,first_name,last_name,id_number,social_number,tax_number,birth_place,birth_date,gender,nationality) VALUES (1, 'Tyson', 'Roberts', '845282GS', '441796437', '4415541914', 'Wichita', '1951-05-07', 'M', 'American')
INSERT INTO Person.Person (person_type_id,first_name,last_name,id_number,social_number,tax_number,birth_place,birth_date,gender,nationality) VALUES (1, 'Felicity', 'Wild', '260428FB', '126122032', '1612251167', 'Mission Viejo', '1979-05-02', 'F', 'American')
INSERT INTO Person.Person (person_type_id,first_name,last_name,id_number,social_number,tax_number,birth_place,birth_date,gender,nationality) VALUES (1, 'Owen', 'Smith', '983924RG', '362706572', '7768294038', 'Salt Lake City', '1969-09-27', 'M', 'American')
INSERT INTO Person.Person (person_type_id,first_name,last_name,id_number,social_number,tax_number,birth_place,birth_date,gender,nationality) VALUES (1, 'George', 'Spencer', '613340GC', '138315745', '3084317978', 'Cranbourne', '1998-01-10', 'M', 'Australian')
INSERT INTO Person.Person (person_type_id,first_name,last_name,id_number,social_number,tax_number,birth_place,birth_date,gender,nationality) VALUES (1, 'Alex', 'Little', '794797FK', '779051699', '7077841079', 'Lancaster', '1962-11-09', 'F', 'American')
INSERT INTO Person.Person (person_type_id,first_name,last_name,id_number,social_number,tax_number,birth_place,birth_date,gender,nationality) VALUES (1, 'Carina', 'Reese', '427078ZL', '846227011', '8719005142', 'Des Moines', '1977-02-08', 'F', 'American')
INSERT INTO Person.Person (person_type_id,first_name,last_name,id_number,social_number,tax_number,birth_place,birth_date,gender,nationality) VALUES (1, 'Maxwell', 'Blythe', '306033JW', '580001633', '7552823234', 'Syracuse', '1944-08-07', 'M', 'American')
INSERT INTO Person.Person (person_type_id,first_name,last_name,id_number,social_number,tax_number,birth_place,birth_date,gender,nationality) VALUES (1, 'Cedrick', 'Nicholls', '700239KX', '748165663', '3901965904', 'Memphis', '2001-06-09', 'M', 'American')
INSERT INTO Person.Person (person_type_id,first_name,last_name,id_number,social_number,tax_number,birth_place,birth_date,gender,nationality) VALUES (1, 'Melanie', 'Graham', '846590IB', '867447273', '7419972856', 'Kingston upon Hull', '1961-05-15', 'F', 'British')
INSERT INTO Person.Person (person_type_id,first_name,last_name,id_number,social_number,tax_number,birth_place,birth_date,gender,nationality) VALUES (1, 'Doug', 'Murphy', '423702PL', '927139392', '4518579477', 'Toledo', '1956-02-28', 'M', 'American')
INSERT INTO Person.Person (person_type_id,first_name,last_name,id_number,social_number,tax_number,birth_place,birth_date,gender,nationality) VALUES (1, 'Peter', 'Allcott', '769104LI', '475174561', '6413600457', 'Lancaster', '1941-09-06', 'M', 'American')
INSERT INTO Person.Person (person_type_id,first_name,last_name,id_number,social_number,tax_number,birth_place,birth_date,gender,nationality) VALUES (1, 'Boris', 'Kent', '270251GP', '922619194', '9539384266', 'Geelong', '1996-06-08', 'M', 'Australian')
INSERT INTO Person.Person (person_type_id,first_name,last_name,id_number,social_number,tax_number,birth_place,birth_date,gender,nationality) VALUES (1, 'Sebastian', 'Willis', '732092DX', '586967676', '3091820428', 'Huntsville', '1945-03-11', 'M', 'American')
INSERT INTO Person.Person (person_type_id,first_name,last_name,id_number,social_number,tax_number,birth_place,birth_date,gender,nationality) VALUES (1, 'Mason', 'Harrison', '642962DS', '819738722', '1146503599', 'Queens', '1961-01-25', 'M', 'American')
INSERT INTO Person.Person (person_type_id,first_name,last_name,id_number,social_number,tax_number,birth_place,birth_date,gender,nationality) VALUES (1, 'Naomi', 'Allwood', '761357CP', '914776591', '7404737671', 'Boston', '1995-09-08', 'F', 'American')
INSERT INTO Person.Person (person_type_id,first_name,last_name,id_number,social_number,tax_number,birth_place,birth_date,gender,nationality) VALUES (1, 'Lucas', 'Michael', '167084JQ', '169221501', '1909895106', 'Lakeland', '1944-12-06', 'M', 'American')
INSERT INTO Person.Person (person_type_id,first_name,last_name,id_number,social_number,tax_number,birth_place,birth_date,gender,nationality) VALUES (1, 'Monica', 'Chapman', '568374YM', '347613567', '3706933714', 'Melbourne', '1978-06-21', 'F', 'Australian')
INSERT INTO Person.Person (person_type_id,first_name,last_name,id_number,social_number,tax_number,birth_place,birth_date,gender,nationality) VALUES (1, 'Sage', 'Lee', '467664FE', '309295712', '2617288302', 'Nashville', '1970-08-22', 'F', 'American')
INSERT INTO Person.Person (person_type_id,first_name,last_name,id_number,social_number,tax_number,birth_place,birth_date,gender,nationality) VALUES (1, 'Lucas', 'Rees', '149778MA', '179533297', '7839781224', 'Plymouth', '1978-02-28', 'M', 'British')
INSERT INTO Person.Person (person_type_id,first_name,last_name,id_number,social_number,tax_number,birth_place,birth_date,gender,nationality) VALUES (1, 'David', 'James', '203921SW', '952711066', '1986046605', 'Newcastle', '1995-08-21', 'M', 'British')
INSERT INTO Person.Person (person_type_id,first_name,last_name,id_number,social_number,tax_number,birth_place,birth_date,gender,nationality) VALUES (1, 'Liam', 'Donovan', '122363LM', '783722449', '1721055244', 'Cleveland', '2000-08-17', 'M', 'American')
INSERT INTO Person.Person (person_type_id,first_name,last_name,id_number,social_number,tax_number,birth_place,birth_date,gender,nationality) VALUES (1, 'Melanie', 'John', '660930VY', '587693904', '9552538794', 'Brisbane', '1976-03-20', 'F', 'Australian')
INSERT INTO Person.Person (person_type_id,first_name,last_name,id_number,social_number,tax_number,birth_place,birth_date,gender,nationality) VALUES (1, 'Abdul', 'Benson', '444794DE', '120055721', '5965425458', 'Birmingham', '1998-10-22', 'M', 'British')
INSERT INTO Person.Person (person_type_id,first_name,last_name,id_number,social_number,tax_number,birth_place,birth_date,gender,nationality) VALUES (1, 'Doug', 'Mitchell', '117726DR', '809328543', '4391376064', 'Charleston', '1964-12-23', 'M', 'American')
INSERT INTO Person.Person (person_type_id,first_name,last_name,id_number,social_number,tax_number,birth_place,birth_date,gender,nationality) VALUES (1, 'Ruth', 'Stubbs', '392603PK', '250426240', '8417123710', 'Tucson', '1985-03-25', 'F', 'American')
INSERT INTO Person.Person (person_type_id,first_name,last_name,id_number,social_number,tax_number,birth_place,birth_date,gender,nationality) VALUES (1, 'Hayden', 'Thomson', '370651FM', '778745019', '5745834445', 'Baton Rouge', '1975-03-10', 'F', 'American')
INSERT INTO Person.Person (person_type_id,first_name,last_name,id_number,social_number,tax_number,birth_place,birth_date,gender,nationality) VALUES (1, 'Denny', 'Grady', '468303HC', '636391267', '9385824335', 'New York', '1978-01-22', 'M', 'American')
INSERT INTO Person.Person (person_type_id,first_name,last_name,id_number,social_number,tax_number,birth_place,birth_date,gender,nationality) VALUES (1, 'Gwen', 'Eyres', '404742YZ', '187005207', '8016670983', 'Spokane', '1941-11-03', 'F', 'American')
INSERT INTO Person.Person (person_type_id,first_name,last_name,id_number,social_number,tax_number,birth_place,birth_date,gender,nationality) VALUES (1, 'Greta', 'Wilkinson', '657774JS', '647119375', '3012829368', 'Abertawe', '1962-09-22', 'F', 'British')
INSERT INTO Person.Person (person_type_id,first_name,last_name,id_number,social_number,tax_number,birth_place,birth_date,gender,nationality) VALUES (1, 'Emerald', 'Fox', '545392CG', '474898048', '4680758382', 'Henderson', '1985-02-11', 'F', 'American')
INSERT INTO Person.Person (person_type_id,first_name,last_name,id_number,social_number,tax_number,birth_place,birth_date,gender,nationality) VALUES (1, 'Rhea', 'Everett', '635147MP', '930695345', '9880732593', 'St. Paul', '1998-05-09', 'F', 'American')
INSERT INTO Person.Person (person_type_id,first_name,last_name,id_number,social_number,tax_number,birth_place,birth_date,gender,nationality) VALUES (1, 'Hannah', 'Russell', '973359DR', '451350251', '9206183515', 'Richmond', '1979-03-24', 'F', 'American')
INSERT INTO Person.Person (person_type_id,first_name,last_name,id_number,social_number,tax_number,birth_place,birth_date,gender,nationality) VALUES (1, 'Marina', 'Broomfield', '571182CJ', '485111157', '9768625869', 'Oklahoma City', '1950-08-29', 'F', 'American')
INSERT INTO Person.Person (person_type_id,first_name,last_name,id_number,social_number,tax_number,birth_place,birth_date,gender,nationality) VALUES (1, 'Barry', 'Harvey', '676617VT', '251097897', '4608271860', 'Houston', '1998-06-23', 'M', 'American')
INSERT INTO Person.Person (person_type_id,first_name,last_name,id_number,social_number,tax_number,birth_place,birth_date,gender,nationality) VALUES (1, 'Valerie', 'Weatcroft', '374729DW', '287977440', '9600766373', 'Indianapolis', '1986-10-16', 'F', 'American')
INSERT INTO Person.Person (person_type_id,first_name,last_name,id_number,social_number,tax_number,birth_place,birth_date,gender,nationality) VALUES (1, 'Logan', 'Swan', '144154IP', '951762176', '3236421187', 'Bonita Springs', '1955-01-12', 'M', 'American')
INSERT INTO Person.Person (person_type_id,first_name,last_name,id_number,social_number,tax_number,birth_place,birth_date,gender,nationality) VALUES (1, 'Sienna', 'Bishop', '885146FX', '989567667', '9486640278', 'Croydon', '1991-02-10', 'F', 'British')
INSERT INTO Person.Person (person_type_id,first_name,last_name,id_number,social_number,tax_number,birth_place,birth_date,gender,nationality) VALUES (1, 'Kendra', 'Jeffery', '781328NX', '251394791', '6818751738', 'Arlington', '1993-10-17', 'F', 'American')
INSERT INTO Person.Person (person_type_id,first_name,last_name,id_number,social_number,tax_number,birth_place,birth_date,gender,nationality) VALUES (1, 'Samara', 'Parker', '975154IJ', '982623889', '2245979142', 'Dayton', '1953-08-10', 'F', 'American')
INSERT INTO Person.Person (person_type_id,first_name,last_name,id_number,social_number,tax_number,birth_place,birth_date,gender,nationality) VALUES (1, 'Hazel', 'Benfield', '222367WY', '540267338', '5191080712', 'Bridgeport', '1948-01-24', 'F', 'American')
INSERT INTO Person.Person (person_type_id,first_name,last_name,id_number,social_number,tax_number,birth_place,birth_date,gender,nationality) VALUES (1, 'Erin', 'Clarke', '250520KI', '123467171', '4050155433', 'Sheffield', '1960-11-24', 'F', 'British')
INSERT INTO Person.Person (person_type_id,first_name,last_name,id_number,social_number,tax_number,birth_place,birth_date,gender,nationality) VALUES (1, 'Marjorie', 'Moreno', '503681HD', '864138563', '2433587663', 'Augusta', '1991-07-21', 'F', 'American')
INSERT INTO Person.Person (person_type_id,first_name,last_name,id_number,social_number,tax_number,birth_place,birth_date,gender,nationality) VALUES (1, 'Bernadette', 'Snell', '173331NR', '704145390', '9984401230', 'Palm Coast', '1991-10-13', 'F', 'American')
INSERT INTO Person.Person (person_type_id,first_name,last_name,id_number,social_number,tax_number,birth_place,birth_date,gender,nationality) VALUES (1, 'Erin', 'Robe', '711108IC', '404850030', '8150371462', 'Anaheim', '1975-07-21', 'F', 'American')
INSERT INTO Person.Person (person_type_id,first_name,last_name,id_number,social_number,tax_number,birth_place,birth_date,gender,nationality) VALUES (2, 'Regina', 'Glass', '297618JX', '571977215', '6481160233', 'Palm Bay', '1974-03-14', 'F', 'American')
INSERT INTO Person.Person (person_type_id,first_name,last_name,id_number,social_number,tax_number,birth_place,birth_date,gender,nationality) VALUES (2, 'Marvin', 'Needham', '634136HG', '343940491', '6531378689', 'Bronx', '1998-07-19', 'M', 'American')
INSERT INTO Person.Person (person_type_id,first_name,last_name,id_number,social_number,tax_number,birth_place,birth_date,gender,nationality) VALUES (2, 'Marvin', 'Drew', '733544EL', '445489056', '9978594717', 'Hartford', '1949-10-03', 'M', 'American')
INSERT INTO Person.Person (person_type_id,first_name,last_name,id_number,social_number,tax_number,birth_place,birth_date,gender,nationality) VALUES (2, 'Daron', 'Emmett', '394751KF', '502305315', '5542454999', 'Harrisburg', '1978-07-28', 'M', 'American')
INSERT INTO Person.Person (person_type_id,first_name,last_name,id_number,social_number,tax_number,birth_place,birth_date,gender,nationality) VALUES (2, 'Janelle', 'Baker', '744695BM', '790297408', '9994255643', 'Springfield', '1944-05-01', 'F', 'American')
INSERT INTO Person.Person (person_type_id,first_name,last_name,id_number,social_number,tax_number,birth_place,birth_date,gender,nationality) VALUES (2, 'Kate', 'Wright', '173230DT', '703923651', '9482139544', 'Norwich', '1964-01-23', 'F', 'British')
INSERT INTO Person.Person (person_type_id,first_name,last_name,id_number,social_number,tax_number,birth_place,birth_date,gender,nationality) VALUES (2, 'Gladys', 'Allcott', '213186KT', '640242558', '7985247631', 'Portsmouth', '1983-10-31', 'F', 'British')
INSERT INTO Person.Person (person_type_id,first_name,last_name,id_number,social_number,tax_number,birth_place,birth_date,gender,nationality) VALUES (2, 'Marla', 'Oswald', '550643ZL', '117781942', '8322413783', 'Ipswich', '1972-12-04', 'F', 'Australian')
INSERT INTO Person.Person (person_type_id,first_name,last_name,id_number,social_number,tax_number,birth_place,birth_date,gender,nationality) VALUES (2, 'Chad', 'Moss', '703983CD', '964575469', '9649707950', 'Detroit', '1979-01-07', 'M', 'American')
INSERT INTO Person.Person (person_type_id,first_name,last_name,id_number,social_number,tax_number,birth_place,birth_date,gender,nationality) VALUES (2, 'Abdul', 'Fall', '430247KB', '764501410', '1902467653', 'Grand Rapids', '1946-11-25', 'M', 'American')
INSERT INTO Person.Person (person_type_id,first_name,last_name,id_number,social_number,tax_number,birth_place,birth_date,gender,nationality) VALUES (2, 'Maggie', 'Giles', '367425ZX', '915528227', '4224506823', 'Poughkeepsie', '1966-03-20', 'F', 'American')
INSERT INTO Person.Person (person_type_id,first_name,last_name,id_number,social_number,tax_number,birth_place,birth_date,gender,nationality) VALUES (2, 'Gemma', 'Robinson', '793687KZ', '801038440', '9171545070', 'Birmingham', '1946-02-27', 'F', 'American')
INSERT INTO Person.Person (person_type_id,first_name,last_name,id_number,social_number,tax_number,birth_place,birth_date,gender,nationality) VALUES (2, 'Nate', 'Richardson', '937095FE', '202598464', '1637655873', 'Providence', '1981-10-08', 'M', 'American')
INSERT INTO Person.Person (person_type_id,first_name,last_name,id_number,social_number,tax_number,birth_place,birth_date,gender,nationality) VALUES (2, 'Julius', 'Talbot', '458934XZ', '759707428', '4757078109', 'Mobile', '1995-09-22', 'M', 'American')
INSERT INTO Person.Person (person_type_id,first_name,last_name,id_number,social_number,tax_number,birth_place,birth_date,gender,nationality) VALUES (2, 'Havana', 'Clifton', '514586YP', '366652822', '4351302927', 'Oxnard', '1970-04-17', 'F', 'American')
INSERT INTO Person.Person (person_type_id,first_name,last_name,id_number,social_number,tax_number,birth_place,birth_date,gender,nationality) VALUES (2, 'Daniel', 'Corbett', '564062PW', '865334135', '2541315436', 'Columbia', '1996-09-16', 'M', 'American')
INSERT INTO Person.Person (person_type_id,first_name,last_name,id_number,social_number,tax_number,birth_place,birth_date,gender,nationality) VALUES (2, 'Rick', 'Horton', '296750PZ', '428067713', '7314277770', 'Ann Arbor', '1979-10-10', 'M', 'American')
INSERT INTO Person.Person (person_type_id,first_name,last_name,id_number,social_number,tax_number,birth_place,birth_date,gender,nationality) VALUES (2, 'Tyson', 'Whitmore', '585911GZ', '861934053', '2186696638', 'Miami', '1953-09-24', 'M', 'American')
INSERT INTO Person.Person (person_type_id,first_name,last_name,id_number,social_number,tax_number,birth_place,birth_date,gender,nationality) VALUES (2, 'Adalind', 'Dunbar', '836255QX', '767479368', '7678201814', 'Asheville', '1951-10-22', 'F', 'American')
INSERT INTO Person.Person (person_type_id,first_name,last_name,id_number,social_number,tax_number,birth_place,birth_date,gender,nationality) VALUES (2, 'Caydence', 'Villiger', '245030NK', '344797145', '6562207197', 'Adelaide', '1974-05-24', 'F', 'Australian')
INSERT INTO Person.Person (person_type_id,first_name,last_name,id_number,social_number,tax_number,birth_place,birth_date,gender,nationality) VALUES (2, 'Anthony', 'Ramsey', '263608IC', '719815506', '3053646747', 'Fort Wayne', '1981-03-14', 'M', 'American')
INSERT INTO Person.Person (person_type_id,first_name,last_name,id_number,social_number,tax_number,birth_place,birth_date,gender,nationality) VALUES (2, 'Ivy', 'Collins', '119893CT', '827109351', '5065768682', 'Glasgow', '1958-02-08', 'F', 'British')
INSERT INTO Person.Person (person_type_id,first_name,last_name,id_number,social_number,tax_number,birth_place,birth_date,gender,nationality) VALUES (2, 'Alexander', 'Gregory', '305920DX', '531260691', '6136266304', 'Modesto', '1987-02-21', 'M', 'American')
INSERT INTO Person.Person (person_type_id,first_name,last_name,id_number,social_number,tax_number,birth_place,birth_date,gender,nationality) VALUES (2, 'Rosemary', 'Hepburn', '883329CP', '395035994', '5179315138', 'New Orleans', '1949-09-16', 'F', 'American')
INSERT INTO Person.Person (person_type_id,first_name,last_name,id_number,social_number,tax_number,birth_place,birth_date,gender,nationality) VALUES (2, 'Eduardo', 'Evans', '150073VB', '571175081', '8840682064', 'Lexington', '1970-11-05', 'M', 'American')
INSERT INTO Person.Person (person_type_id,first_name,last_name,id_number,social_number,tax_number,birth_place,birth_date,gender,nationality) VALUES (2, 'Eduardo', 'Pitt', '270572WK', '685162103', '3839013910', 'Denton', '1991-08-03', 'M', 'American')
INSERT INTO Person.Person (person_type_id,first_name,last_name,id_number,social_number,tax_number,birth_place,birth_date,gender,nationality) VALUES (2, 'William', 'Knight', '436369IU', '452201869', '2003806876', 'Newcastle', '1948-02-08', 'M', 'Australian')
INSERT INTO Person.Person (person_type_id,first_name,last_name,id_number,social_number,tax_number,birth_place,birth_date,gender,nationality) VALUES (2, 'Anais', 'Alldridge', '481589JU', '607313266', '8222058972', 'Fort Collins', '1984-01-03', 'F', 'American')
INSERT INTO Person.Person (person_type_id,first_name,last_name,id_number,social_number,tax_number,birth_place,birth_date,gender,nationality) VALUES (2, 'Iris', 'Silva', '874432SQ', '737666135', '2306394754', 'Chicago', '1989-07-29', 'F', 'American')
INSERT INTO Person.Person (person_type_id,first_name,last_name,id_number,social_number,tax_number,birth_place,birth_date,gender,nationality) VALUES (2, 'Chris', 'Jackson', '959259VE', '859574625', '5237054243', 'Concord', '2001-01-05', 'M', 'American')
INSERT INTO Person.Person (person_type_id,first_name,last_name,id_number,social_number,tax_number,birth_place,birth_date,gender,nationality) VALUES (2, 'Chanelle', 'Bristow', '328429VU', '276297689', '9921366481', 'Santa Rosa', '1970-04-13', 'F', 'American')
INSERT INTO Person.Person (person_type_id,first_name,last_name,id_number,social_number,tax_number,birth_place,birth_date,gender,nationality) VALUES (2, 'Rick', 'Osman', '185121DZ', '552561104', '5190677719', 'San Diego', '1981-05-23', 'M', 'American')
INSERT INTO Person.Person (person_type_id,first_name,last_name,id_number,social_number,tax_number,birth_place,birth_date,gender,nationality) VALUES (2, 'Noah', 'Gosling', '699731RK', '470558267', '1269941706', 'Gold Coast', '1993-02-14', 'M', 'Australian')
INSERT INTO Person.Person (person_type_id,first_name,last_name,id_number,social_number,tax_number,birth_place,birth_date,gender,nationality) VALUES (2, 'Tom', 'Umney', '788767CR', '618852897', '6600890480', 'Wollongong', '1985-02-18', 'M', 'Australian')
INSERT INTO Person.Person (person_type_id,first_name,last_name,id_number,social_number,tax_number,birth_place,birth_date,gender,nationality) VALUES (2, 'Danny', 'Mccormick', '310715DK', '871199370', '1893491724', 'Columbus', '1999-12-17', 'M', 'American')
INSERT INTO Person.Person (person_type_id,first_name,last_name,id_number,social_number,tax_number,birth_place,birth_date,gender,nationality) VALUES (2, 'Ryan', 'Allington', '710909XT', '153444022', '9250602001', 'Swindon', '2001-01-20', 'M', 'British')
INSERT INTO Person.Person (person_type_id,first_name,last_name,id_number,social_number,tax_number,birth_place,birth_date,gender,nationality) VALUES (2, 'Adalind', 'Lynn', '471551TR', '992162764', '5836525710', 'Dallas', '1999-12-11', 'F', 'American')
INSERT INTO Person.Person (person_type_id,first_name,last_name,id_number,social_number,tax_number,birth_place,birth_date,gender,nationality) VALUES (2, 'Sebastian', 'Thompson', '593717GL', '985857601', '9259146031', 'Edinburgh', '1943-12-18', 'M', 'British')
INSERT INTO Person.Person (person_type_id,first_name,last_name,id_number,social_number,tax_number,birth_place,birth_date,gender,nationality) VALUES (2, 'Ronald', 'Cox', '416405MK', '326960486', '3929957954', 'Winston-Salem', '1968-04-05', 'M', 'American')
INSERT INTO Person.Person (person_type_id,first_name,last_name,id_number,social_number,tax_number,birth_place,birth_date,gender,nationality) VALUES (2, 'Rihanna', 'Egerton', '823593QM', '656946486', '7031634374', 'Oakland', '1957-02-12', 'F', 'American')
INSERT INTO Person.Person (person_type_id,first_name,last_name,id_number,social_number,tax_number,birth_place,birth_date,gender,nationality) VALUES (2, 'Nicholas', 'Emerson', '335487UB', '823655627', '4446059139', 'Coventry', '1952-03-29', 'M', 'British')
INSERT INTO Person.Person (person_type_id,first_name,last_name,id_number,social_number,tax_number,birth_place,birth_date,gender,nationality) VALUES (2, 'Paula', 'Hewitt', '583065FL', '740717247', '2530944863', 'Worcester', '1971-08-21', 'F', 'American')
INSERT INTO Person.Person (person_type_id,first_name,last_name,id_number,social_number,tax_number,birth_place,birth_date,gender,nationality) VALUES (2, 'Julian', 'Walsh', '679048NP', '777888518', '6295025588', 'Philadelphia', '2001-01-16', 'M', 'American')
INSERT INTO Person.Person (person_type_id,first_name,last_name,id_number,social_number,tax_number,birth_place,birth_date,gender,nationality) VALUES (2, 'Clint', 'Jennson', '700628NQ', '836009991', '7873165852', 'Perth', '1990-03-25', 'M', 'Australian')
INSERT INTO Person.Person (person_type_id,first_name,last_name,id_number,social_number,tax_number,birth_place,birth_date,gender,nationality) VALUES (2, 'Bryon', 'Harris', '959948BR', '406075816', '8437258538', 'Mesa', '1989-04-16', 'M', 'American')
INSERT INTO Person.Person (person_type_id,first_name,last_name,id_number,social_number,tax_number,birth_place,birth_date,gender,nationality) VALUES (2, 'Gladys', 'White', '823552GN', '233218337', '9694085861', 'Jackson', '1973-02-13', 'F', 'American')
INSERT INTO Person.Person (person_type_id,first_name,last_name,id_number,social_number,tax_number,birth_place,birth_date,gender,nationality) VALUES (2, 'Davina', 'Wren', '327448MQ', '752226641', '8563179398', 'Tulsa', '1978-01-19', 'F', 'American')
INSERT INTO Person.Person (person_type_id,first_name,last_name,id_number,social_number,tax_number,birth_place,birth_date,gender,nationality) VALUES (2, 'Carter', 'Mould', '449550FA', '308687756', '5235496072', 'Buffalo', '1971-02-01', 'M', 'American')
INSERT INTO Person.Person (person_type_id,first_name,last_name,id_number,social_number,tax_number,birth_place,birth_date,gender,nationality) VALUES (2, 'Nicholas', 'Mccall', '521960WI', '905129348', '6851463573', 'Aberdeen', '1988-11-26', 'M', 'British')
INSERT INTO Person.Person (person_type_id,first_name,last_name,id_number,social_number,tax_number,birth_place,birth_date,gender,nationality) VALUES (2, 'Bryon', 'Fields', '846615GQ', '716640654', '9078688201', 'Pensacola', '1983-08-18', 'M', 'American')
INSERT INTO Person.Person (person_type_id,first_name,last_name,id_number,social_number,tax_number,birth_place,birth_date,gender,nationality) VALUES (2, 'William', 'Janes', '915345DU', '622791696', '8310713325', 'Murrieta', '1975-05-29', 'M', 'American')
INSERT INTO Person.Person (person_type_id,first_name,last_name,id_number,social_number,tax_number,birth_place,birth_date,gender,nationality) VALUES (2, 'Bryon', 'Holmes', '275639EO', '522426087', '9377752223', 'Portland', '1943-03-11', 'M', 'American')
INSERT INTO Person.Person (person_type_id,first_name,last_name,id_number,social_number,tax_number,birth_place,birth_date,gender,nationality) VALUES (2, 'Tony', 'Strong', '765622GX', '681905622', '4789169911', 'Milwaukee', '1957-12-13', 'M', 'American')
INSERT INTO Person.Person (person_type_id,first_name,last_name,id_number,social_number,tax_number,birth_place,birth_date,gender,nationality) VALUES (2, 'Angelina', 'Ramsey', '173209IH', '236725192', '4177408246', 'Lansing', '1959-12-23', 'F', 'American')
INSERT INTO Person.Person (person_type_id,first_name,last_name,id_number,social_number,tax_number,birth_place,birth_date,gender,nationality) VALUES (2, 'Matthew', 'Knight', '630824WP', '326022501', '3218016274', 'Leeds', '1962-02-18', 'M', 'British')
INSERT INTO Person.Person (person_type_id,first_name,last_name,id_number,social_number,tax_number,birth_place,birth_date,gender,nationality) VALUES (2, 'Joyce', 'May', '947867SV', '801468505', '5524288486', 'Belfast', '1950-08-20', 'F', 'British')
INSERT INTO Person.Person (person_type_id,first_name,last_name,id_number,social_number,tax_number,birth_place,birth_date,gender,nationality) VALUES (2, 'Margaret', 'Farmer', '323418AN', '784337057', '9699005398', 'Baltimore', '1990-10-15', 'F', 'American')
INSERT INTO Person.Person (person_type_id,first_name,last_name,id_number,social_number,tax_number,birth_place,birth_date,gender,nationality) VALUES (2, 'Rosalyn', 'Rowe', '754916BP', '314047003', '8821762679', 'South Bend', '1949-02-02', 'F', 'American')
INSERT INTO Person.Person (person_type_id,first_name,last_name,id_number,social_number,tax_number,birth_place,birth_date,gender,nationality) VALUES (2, 'Marigold', 'Anderson', '486727AA', '126087834', '5489490345', 'El Paso', '1946-11-21', 'F', 'American')
INSERT INTO Person.Person (person_type_id,first_name,last_name,id_number,social_number,tax_number,birth_place,birth_date,gender,nationality) VALUES (2, 'Noah', 'Ianson', '502509IG', '375518188', '1336631141', 'Shreveport', '1985-08-18', 'M', 'American')
INSERT INTO Person.Person (person_type_id,first_name,last_name,id_number,social_number,tax_number,birth_place,birth_date,gender,nationality) VALUES (2, 'Sabrina', 'Ellery', '530306AC', '319028371', '4734781625', 'Nottingham', '1956-04-16', 'F', 'British')
INSERT INTO Person.Person (person_type_id,first_name,last_name,id_number,social_number,tax_number,birth_place,birth_date,gender,nationality) VALUES (2, 'Paula', 'Gilmore', '656439JC', '848142811', '6901494132', 'Aurora', '1942-04-20', 'F', 'American')
INSERT INTO Person.Person (person_type_id,first_name,last_name,id_number,social_number,tax_number,birth_place,birth_date,gender,nationality) VALUES (2, 'Jacob', 'Lowe', '883722MX', '500521100', '7692556750', 'St. Louis', '1955-08-27', 'M', 'American')
INSERT INTO Person.Person (person_type_id,first_name,last_name,id_number,social_number,tax_number,birth_place,birth_date,gender,nationality) VALUES (2, 'Carter', 'Young', '128554RZ', '193238020', '9765912075', 'Chattanooga', '1974-05-10', 'M', 'American')
INSERT INTO Person.Person (person_type_id,first_name,last_name,id_number,social_number,tax_number,birth_place,birth_date,gender,nationality) VALUES (2, 'Julian', 'Adams', '936824BL', '547904982', '3751869110', 'Cape Coral', '1997-03-30', 'M', 'American')
INSERT INTO Person.Person (person_type_id,first_name,last_name,id_number,social_number,tax_number,birth_place,birth_date,gender,nationality) VALUES (2, 'Tiffany', 'Clifton', '785124BH', '399562696', '2187299000', 'Madison', '2001-01-07', 'F', 'American')
INSERT INTO Person.Person (person_type_id,first_name,last_name,id_number,social_number,tax_number,birth_place,birth_date,gender,nationality) VALUES (2, 'Danny', 'Mann', '797741HV', '278212912', '7543355669', 'Sacramento', '1982-08-14', 'M', 'American')
INSERT INTO Person.Person (person_type_id,first_name,last_name,id_number,social_number,tax_number,birth_place,birth_date,gender,nationality) VALUES (2, 'Dorothy', 'Gordon', '852901DJ', '137122616', '1800200749', 'Seattle', '1972-10-04', 'F', 'American')
INSERT INTO Person.Person (person_type_id,first_name,last_name,id_number,social_number,tax_number,birth_place,birth_date,gender,nationality) VALUES (2, 'Daron', 'Widdows', '207209IG', '408541570', '6204593238', 'Youngstown', '1968-10-30', 'M', 'American')
INSERT INTO Person.Person (person_type_id,first_name,last_name,id_number,social_number,tax_number,birth_place,birth_date,gender,nationality) VALUES (2, 'Noah', 'Chadwick', '627398CP', '666281163', '8996464525', 'Staten Island', '1968-03-13', 'M', 'American')
INSERT INTO Person.Person (person_type_id,first_name,last_name,id_number,social_number,tax_number,birth_place,birth_date,gender,nationality) VALUES (2, 'Logan', 'Parker', '941239HF', '116126438', '2813627181', 'Orlando', '1959-03-15', 'F', 'American')
INSERT INTO Person.Person (person_type_id,first_name,last_name,id_number,social_number,tax_number,birth_place,birth_date,gender,nationality) VALUES (2, 'Carl', 'Corbett', '410727DC', '391327954', '7082762466', 'Boise', '1977-10-24', 'M', 'American')
INSERT INTO Person.Person (person_type_id,first_name,last_name,id_number,social_number,tax_number,birth_place,birth_date,gender,nationality) VALUES (2, 'Domenic', 'Knight', '124169BV', '323470770', '7855136993', 'Albany', '1982-11-08', 'M', 'American')
INSERT INTO Person.Person (person_type_id,first_name,last_name,id_number,social_number,tax_number,birth_place,birth_date,gender,nationality) VALUES (2, 'Domenic', 'Bloom', '375938PO', '209247687', '3455164970', 'Stockton', '1991-08-24', 'M', 'American')
INSERT INTO Person.Person (person_type_id,first_name,last_name,id_number,social_number,tax_number,birth_place,birth_date,gender,nationality) VALUES (2, 'Allison', 'Greenwood', '213994VR', '875130502', '5583513947', 'Greenville', '1997-07-18', 'F', 'American')
INSERT INTO Person.Person (person_type_id,first_name,last_name,id_number,social_number,tax_number,birth_place,birth_date,gender,nationality) VALUES (2, 'Liam', 'Dowson', '599447AS', '980475241', '7422239329', 'Jacksonville', '1989-05-20', 'M', 'American')
INSERT INTO Person.Person (person_type_id,first_name,last_name,id_number,social_number,tax_number,birth_place,birth_date,gender,nationality) VALUES (2, 'Marigold', 'Dickson', '959804AJ', '845142918', '9708263244', 'McAllen', '1986-10-30', 'F', 'American')
INSERT INTO Person.Person (person_type_id,first_name,last_name,id_number,social_number,tax_number,birth_place,birth_date,gender,nationality) VALUES (2, 'Luke', 'Turner', '466589UB', '256201373', '7910075038', 'Stoke-on-Trent', '1948-04-16', 'M', 'British')
INSERT INTO Person.Person (person_type_id,first_name,last_name,id_number,social_number,tax_number,birth_place,birth_date,gender,nationality) VALUES (2, 'Lana', 'Zaoui', '441389KS', '177615316', '2112009218', 'Ogden', '1966-07-26', 'F', 'American')
INSERT INTO Person.Person (person_type_id,first_name,last_name,id_number,social_number,tax_number,birth_place,birth_date,gender,nationality) VALUES (2, 'Erica', 'Mcgregor', '224898XE', '492681792', '4545267802', 'Louisville', '1997-04-26', 'F', 'American')
INSERT INTO Person.Person (person_type_id,first_name,last_name,id_number,social_number,tax_number,birth_place,birth_date,gender,nationality) VALUES (2, 'Darlene', 'Carpenter', '509034PT', '152069963', '7614261759', 'New Haven', '1984-02-10', 'F', 'American')
INSERT INTO Person.Person (person_type_id,first_name,last_name,id_number,social_number,tax_number,birth_place,birth_date,gender,nationality) VALUES (2, 'Danny', 'Marshall', '423111FZ', '112477382', '2876916537', 'Pittsburgh', '1967-07-31', 'M', 'American')
INSERT INTO Person.Person (person_type_id,first_name,last_name,id_number,social_number,tax_number,birth_place,birth_date,gender,nationality) VALUES (2, 'Rick', 'Whittle', '154470EI', '273910765', '9124167982', 'Los Angeles', '1996-07-29', 'M', 'American')
INSERT INTO Person.Person (person_type_id,first_name,last_name,id_number,social_number,tax_number,birth_place,birth_date,gender,nationality) VALUES (2, 'Ivette', 'Clarke', '915556NQ', '884603726', '5367467372', 'Santa Ana', '1952-11-27', 'F', 'American')
INSERT INTO Person.Person (person_type_id,first_name,last_name,id_number,social_number,tax_number,birth_place,birth_date,gender,nationality) VALUES (2, 'Hank', 'Eastwood', '976412IS', '912803850', '6053028092', 'Austin', '1991-09-23', 'M', 'American')
INSERT INTO Person.Person (person_type_id,first_name,last_name,id_number,social_number,tax_number,birth_place,birth_date,gender,nationality) VALUES (2, 'Drew', 'Talbot', '404285QZ', '890806601', '2851345274', 'Indio', '1970-03-29', 'F', 'American')
INSERT INTO Person.Person (person_type_id,first_name,last_name,id_number,social_number,tax_number,birth_place,birth_date,gender,nationality) VALUES (2, 'Tess', 'Radcliffe', '774146KV', '388419137', '1993943596', 'Sydney', '1948-08-25', 'F', 'Australian')
INSERT INTO Person.Person (person_type_id,first_name,last_name,id_number,social_number,tax_number,birth_place,birth_date,gender,nationality) VALUES (2, 'Ciara', 'Fenton', '264761GY', '816166256', '6417082141', 'Plano', '1945-10-11', 'F', 'American')
INSERT INTO Person.Person (person_type_id,first_name,last_name,id_number,social_number,tax_number,birth_place,birth_date,gender,nationality) VALUES (2, 'Chuck', 'Partridge', '898891LX', '440215344', '1258958413', 'Townsville', '1949-07-17', 'M', 'Australian')
INSERT INTO Person.Person (person_type_id,first_name,last_name,id_number,social_number,tax_number,birth_place,birth_date,gender,nationality) VALUES (2, 'Maggie', 'Gordon', '968235RM', '224417017', '7292886660', 'Phoenix', '1946-03-19', 'F', 'American')
INSERT INTO Person.Person (person_type_id,first_name,last_name,id_number,social_number,tax_number,birth_place,birth_date,gender,nationality) VALUES (2, 'Luke', 'Milner', '892485TM', '424986791', '5409046327', 'Greensboro', '1959-10-18', 'M', 'American')
INSERT INTO Person.Person (person_type_id,first_name,last_name,id_number,social_number,tax_number,birth_place,birth_date,gender,nationality) VALUES (2, 'Martin', 'John', '581206OL', '467314956', '8153539238', 'Cairns', '1950-11-06', 'M', 'Australian')
INSERT INTO Person.Person (person_type_id,first_name,last_name,id_number,social_number,tax_number,birth_place,birth_date,gender,nationality) VALUES (2, 'Ethan', 'Nanton', '683569LL', '719987798', '9352891858', 'Tampa', '1940-08-03', 'M', 'American')
INSERT INTO Person.Person (person_type_id,first_name,last_name,id_number,social_number,tax_number,birth_place,birth_date,gender,nationality) VALUES (2, 'Johnny', 'Morrison', '974480JF', '362186256', '8720951723', 'Milton Keynes', '1947-06-05', 'M', 'British')
INSERT INTO Person.Person (person_type_id,first_name,last_name,id_number,social_number,tax_number,birth_place,birth_date,gender,nationality) VALUES (2, 'Martin', 'Mackenzie', '708236WZ', '820026626', '6515964227', 'Cincinnati', '1960-11-07', 'M', 'American')
INSERT INTO Person.Person (person_type_id,first_name,last_name,id_number,social_number,tax_number,birth_place,birth_date,gender,nationality) VALUES (2, 'Anne', 'Harper', '677820PR', '632550159', '1816102363', 'Antioch', '1973-06-07', 'F', 'American')
INSERT INTO Person.Person (person_type_id,first_name,last_name,id_number,social_number,tax_number,birth_place,birth_date,gender,nationality) VALUES (2, 'Jessica', 'Nicolas', '308363CA', '130536682', '4016817153', 'Colorado Springs', '1998-10-22', 'F', 'American')
INSERT INTO Person.Person (person_type_id,first_name,last_name,id_number,social_number,tax_number,birth_place,birth_date,gender,nationality) VALUES (2, 'Julius', 'Oakley', '282922YW', '915645363', '1449258762', 'Long Beach', '1982-06-09', 'M', 'American')
INSERT INTO Person.Person (person_type_id,first_name,last_name,id_number,social_number,tax_number,birth_place,birth_date,gender,nationality) VALUES (2, 'Payton', 'Plant', '871950RU', '564117784', '7025015813', 'Liverpool', '1942-02-19', 'F', 'British')
INSERT INTO Person.Person (person_type_id,first_name,last_name,id_number,social_number,tax_number,birth_place,birth_date,gender,nationality) VALUES (2, 'Noah', 'Thomson', '892346BO', '485846825', '6558633988', 'Manchester', '1948-12-07', 'M', 'British')
INSERT INTO Person.Person (person_type_id,first_name,last_name,id_number,social_number,tax_number,birth_place,birth_date,gender,nationality) VALUES (2, 'Chris', 'Woodley', '660329TD', '812046110', '6958406376', 'Fort Worth', '2000-12-18', 'M', 'American')
INSERT INTO Person.Person (person_type_id,first_name,last_name,id_number,social_number,tax_number,birth_place,birth_date,gender,nationality) VALUES (2, 'Maribel', 'Hewitt', '144846CN', '428502170', '9441845622', 'Reno', '1974-10-20', 'F', 'American')
INSERT INTO Person.Person (person_type_id,first_name,last_name,id_number,social_number,tax_number,birth_place,birth_date,gender,nationality) VALUES (2, 'Jazmin', 'Walsh', '602136ER', '397524169', '1408003996', 'Bristol', '1949-03-16', 'F', 'British')
INSERT INTO Person.Person (person_type_id,first_name,last_name,id_number,social_number,tax_number,birth_place,birth_date,gender,nationality) VALUES (2, 'Carter', 'Booth', '344403UH', '350232261', '5604007911', 'Bakersfield', '1994-09-11', 'M', 'American')
INSERT INTO Person.Person (person_type_id,first_name,last_name,id_number,social_number,tax_number,birth_place,birth_date,gender,nationality) VALUES (2, 'Bethany', 'Dowson', '608709XF', '445583737', '8903229409', 'Omaha', '1978-11-10', 'F', 'American')
INSERT INTO Person.Person (person_type_id,first_name,last_name,id_number,social_number,tax_number,birth_place,birth_date,gender,nationality) VALUES (2, 'Sofie', 'Johnson', '700470NK', '195327530', '5183281703', 'Birstall', '1956-08-24', 'F', 'British')
INSERT INTO Person.Person (person_type_id,first_name,last_name,id_number,social_number,tax_number,birth_place,birth_date,gender,nationality) VALUES (2, 'Hazel', 'Clarkson', '440604BG', '397674255', '5089297550', 'Caerdydd', '1967-04-29', 'F', 'British')
INSERT INTO Person.Person (person_type_id,first_name,last_name,id_number,social_number,tax_number,birth_place,birth_date,gender,nationality) VALUES (2, 'Leilani', 'Fisher', '984021RE', '738051354', '2414849353', 'Leicester', '1943-03-25', 'F', 'British')
INSERT INTO Person.Person (person_type_id,first_name,last_name,id_number,social_number,tax_number,birth_place,birth_date,gender,nationality) VALUES (2, 'Domenic', 'Michael', '938669AW', '206106723', '9564320290', 'Victorville', '1982-12-09', 'M', 'American')
INSERT INTO Person.Person (person_type_id,first_name,last_name,id_number,social_number,tax_number,birth_place,birth_date,gender,nationality) VALUES (2, 'Hailey', 'Baxter', '247606YQ', '342994145', '4912649591', 'Kissimmee', '1983-02-18', 'F', 'American')
INSERT INTO Person.Person (person_type_id,first_name,last_name,id_number,social_number,tax_number,birth_place,birth_date,gender,nationality) VALUES (2, 'Adeline', 'Dubois', '280861KU', '969509657', '6373421933', 'Basildon', '1944-03-04', 'F', 'British')
INSERT INTO Person.Person (person_type_id,first_name,last_name,id_number,social_number,tax_number,birth_place,birth_date,gender,nationality) VALUES (2, 'Angelica', 'Brennan', '707013BF', '941829431', '7629555119', 'Sarasota', '1945-09-13', 'F', 'American')
INSERT INTO Person.Person (person_type_id,first_name,last_name,id_number,social_number,tax_number,birth_place,birth_date,gender,nationality) VALUES (2, 'Nathan', 'Dale', '340372SP', '586827380', '5494894362', 'Raleigh', '1980-08-17', 'M', 'American')
INSERT INTO Person.Person (person_type_id,first_name,last_name,id_number,social_number,tax_number,birth_place,birth_date,gender,nationality) VALUES (3, 'Leanne', 'Ingham', '512568MZ', '290446830', '2840764479', 'Virginia Beach', '1949-03-26', 'F', 'American')
INSERT INTO Person.Person (person_type_id,first_name,last_name,id_number,social_number,tax_number,birth_place,birth_date,gender,nationality) VALUES (3, 'Rufus', 'Bailey', '798481SY', '175822215', '8410046903', 'Fayetteville', '1992-10-28', 'M', 'American')
INSERT INTO Person.Person (person_type_id,first_name,last_name,id_number,social_number,tax_number,birth_place,birth_date,gender,nationality) VALUES (3, 'Francesca', 'Anderson', '814053FG', '698894445', '5143502767', 'San Francisco', '1994-09-05', 'F', 'American')
INSERT INTO Person.Person (person_type_id,first_name,last_name,id_number,social_number,tax_number,birth_place,birth_date,gender,nationality) VALUES (3, 'Sebastian', 'Rust', '380442UQ', '191812839', '6545614868', 'Knoxville', '1950-09-06', 'M', 'American')
INSERT INTO Person.Person (person_type_id,first_name,last_name,id_number,social_number,tax_number,birth_place,birth_date,gender,nationality) VALUES (3, 'Brooklyn', 'Robertson', '122692SB', '956363515', '8107425902', 'Fresno', '1996-08-25', 'F', 'American')
INSERT INTO Person.Person (person_type_id,first_name,last_name,id_number,social_number,tax_number,birth_place,birth_date,gender,nationality) VALUES (3, 'Kaylee', 'Gates', '733189NP', '710562057', '4413234969', 'Luton', '1954-10-19', 'F', 'British')
INSERT INTO Person.Person (person_type_id,first_name,last_name,id_number,social_number,tax_number,birth_place,birth_date,gender,nationality) VALUES (3, 'Tyson', 'Stanton', '481238VC', '298920180', '6694527954', 'San Jose', '1981-10-31', 'M', 'American')
INSERT INTO Person.Person (person_type_id,first_name,last_name,id_number,social_number,tax_number,birth_place,birth_date,gender,nationality) VALUES (3, 'Martin', 'Rossi', '945561MX', '266475645', '2842443163', 'Springfield', '1952-01-24', 'M', 'American')
INSERT INTO Person.Person (person_type_id,first_name,last_name,id_number,social_number,tax_number,birth_place,birth_date,gender,nationality) VALUES (3, 'Gwenyth', 'Oldfield', '510051JM', '572236484', '8291408363', 'Hobart', '1998-06-10', 'F', 'Australian')
INSERT INTO Person.Person (person_type_id,first_name,last_name,id_number,social_number,tax_number,birth_place,birth_date,gender,nationality) VALUES (3, 'Harmony', 'Jacobs', '795196MS', '917444003', '1674998253', 'Flint', '1965-05-13', 'F', 'American')
INSERT INTO Person.Person (person_type_id,first_name,last_name,id_number,social_number,tax_number,birth_place,birth_date,gender,nationality) VALUES (3, 'Lorraine', 'Irwin', '591469GE', '760524879', '4217727703', 'Scranton', '1976-05-28', 'F', 'American')
INSERT INTO Person.Person (person_type_id,first_name,last_name,id_number,social_number,tax_number,birth_place,birth_date,gender,nationality) VALUES (3, 'Maxwell', 'Thomas', '308710BA', '591269909', '5756762295', 'London', '1990-09-02', 'M', 'British')
INSERT INTO Person.Person (person_type_id,first_name,last_name,id_number,social_number,tax_number,birth_place,birth_date,gender,nationality) VALUES (3, 'Abdul', 'Carson', '516606TH', '706536480', '5758562079', 'Round Lake Beach', '1993-02-13', 'M', 'American')
INSERT INTO Person.Person (person_type_id,first_name,last_name,id_number,social_number,tax_number,birth_place,birth_date,gender,nationality) VALUES (3, 'Ivette', 'Webster', '174023GF', '202987623', '3588246444', 'Little Rock', '1976-04-15', 'F', 'American')
INSERT INTO Person.Person (person_type_id,first_name,last_name,id_number,social_number,tax_number,birth_place,birth_date,gender,nationality) VALUES (3, 'Ember', 'Owens', '424284VS', '784172071', '5628768040', 'Honolulu', '1978-09-30', 'F', 'American')
INSERT INTO Person.Person (person_type_id,first_name,last_name,id_number,social_number,tax_number,birth_place,birth_date,gender,nationality) VALUES (3, 'Chester', 'Rossi', '579552AH', '752646735', '2646914891', 'San Juan', '1973-04-16', 'M', 'American')
INSERT INTO Person.Person (person_type_id,first_name,last_name,id_number,social_number,tax_number,birth_place,birth_date,gender,nationality) VALUES (3, 'Jacob', 'Mcleod', '938395LA', '258821036', '1618784202', 'Fayetteville', '1971-04-13', 'M', 'American')
INSERT INTO Person.Person (person_type_id,first_name,last_name,id_number,social_number,tax_number,birth_place,birth_date,gender,nationality) VALUES (3, 'Alessia', 'Thornton', '326341MK', '794202190', '6209800096', 'Charlotte', '1964-01-11', 'F', 'American')
INSERT INTO Person.Person (person_type_id,first_name,last_name,id_number,social_number,tax_number,birth_place,birth_date,gender,nationality) VALUES (3, 'Elijah', 'Maxwell', '561906CY', '121716926', '4287714915', 'Provo', '1981-01-22', 'M', 'American')
INSERT INTO Person.Person (person_type_id,first_name,last_name,id_number,social_number,tax_number,birth_place,birth_date,gender,nationality) VALUES (3, 'Mike', 'Norburn', '946501CZ', '610924500', '8866862460', 'Albuquerque', '1956-01-22', 'M', 'American')
INSERT INTO Person.Person (person_type_id,first_name,last_name,id_number,social_number,tax_number,birth_place,birth_date,gender,nationality) VALUES (3, 'Martha', 'Paterson', '630033AZ', '807734401', '7218110876', 'Reading', '2001-08-22', 'F', 'British')
INSERT INTO Person.Person (person_type_id,first_name,last_name,id_number,social_number,tax_number,birth_place,birth_date,gender,nationality) VALUES (3, 'Wade', 'Fowler', '217986FU', '477113633', '4025422269', 'Washington', '1953-10-23', 'M', 'American')
INSERT INTO Person.Person (person_type_id,first_name,last_name,id_number,social_number,tax_number,birth_place,birth_date,gender,nationality) VALUES (3, 'Fred', 'Wright', '567220OT', '205777527', '1132630964', 'Riverside', '1989-05-22', 'M', 'American')
INSERT INTO Person.Person (person_type_id,first_name,last_name,id_number,social_number,tax_number,birth_place,birth_date,gender,nationality) VALUES (3, 'Sebastian', 'Smith', '405943GK', '182614020', '5205231396', 'Derby', '1973-03-05', 'M', 'British')
INSERT INTO Person.Person (person_type_id,first_name,last_name,id_number,social_number,tax_number,birth_place,birth_date,gender,nationality) VALUES (3, 'David', 'Wilton', '956682IV', '842619978', '2484067579', 'Southampton', '2000-02-03', 'M', 'British')
INSERT INTO Person.Person (person_type_id,first_name,last_name,id_number,social_number,tax_number,birth_place,birth_date,gender,nationality) VALUES (3, 'Noemi', 'Young', '769975WU', '261913388', '1978759202', 'Kansas City', '1984-12-30', 'F', 'American')
INSERT INTO Person.Person (person_type_id,first_name,last_name,id_number,social_number,tax_number,birth_place,birth_date,gender,nationality) VALUES (3, 'Chadwick', 'James', '674840WV', '683661324', '8996902786', 'Trenton', '1987-10-28', 'M', 'American')
INSERT INTO Person.Person (person_type_id,first_name,last_name,id_number,social_number,tax_number,birth_place,birth_date,gender,nationality) VALUES (3, 'Bryon', 'Mccall', '790979FO', '867491284', '9146359005', 'Islington', '1954-06-12', 'M', 'British')
INSERT INTO Person.Person (person_type_id,first_name,last_name,id_number,social_number,tax_number,birth_place,birth_date,gender,nationality) VALUES (3, 'Percy', 'Howard', '347287PE', '490875716', '7779209750', 'Corpus Christi', '1944-12-02', 'M', 'American')
INSERT INTO Person.Person (person_type_id,first_name,last_name,id_number,social_number,tax_number,birth_place,birth_date,gender,nationality) VALUES (3, 'Carl', 'Collis', '926635FI', '275635432', '2688463423', 'Denver', '1976-12-09', 'M', 'American')
INSERT INTO Person.Person (person_type_id,first_name,last_name,id_number,social_number,tax_number,birth_place,birth_date,gender,nationality) VALUES (3, 'Nicholas', 'Eastwood', '726898EG', '584348441', '8445457670', 'Allentown', '1983-01-22', 'M', 'American')
INSERT INTO Person.Person (person_type_id,first_name,last_name,id_number,social_number,tax_number,birth_place,birth_date,gender,nationality) VALUES (3, 'Anabel', 'Vane', '855741HK', '425736557', '3686698768', 'Canberra', '1979-11-28', 'F', 'Australian')
INSERT INTO Person.Person (person_type_id,first_name,last_name,id_number,social_number,tax_number,birth_place,birth_date,gender,nationality) VALUES (3, 'Parker', 'Mccormick', '872489VS', '434872455', '3939605784', 'The Woodlands', '1995-09-19', 'F', 'American')
INSERT INTO Person.Person (person_type_id,first_name,last_name,id_number,social_number,tax_number,birth_place,birth_date,gender,nationality) VALUES (3, 'Hayden', 'Simmons', '605499VB', '162110987', '6309730054', 'Akron', '1951-10-31', 'M', 'American')
INSERT INTO Person.Person (person_type_id,first_name,last_name,id_number,social_number,tax_number,birth_place,birth_date,gender,nationality) VALUES (3, 'Alessandra', 'Vane', '940121FP', '293462472', '8757643379', 'San Antonio', '1942-01-16', 'F', 'American')
INSERT INTO Person.Person (person_type_id,first_name,last_name,id_number,social_number,tax_number,birth_place,birth_date,gender,nationality) VALUES (3, 'Roger', 'Scott', '616308NT', '812642932', '6896843314', 'Brooklyn', '1954-11-26', 'M', 'American')
INSERT INTO Person.Person (person_type_id,first_name,last_name,id_number,social_number,tax_number,birth_place,birth_date,gender,nationality) VALUES (3, 'Kendra', 'Norburn', '408821KF', '141285898', '1791334044', 'Las Vegas', '1943-11-19', 'F', 'American')
INSERT INTO Person.Person (person_type_id,first_name,last_name,id_number,social_number,tax_number,birth_place,birth_date,gender,nationality) VALUES (2, 'Jane', 'Doe', '418924AS', '361849274', '5628451963', 'Las Vegas', '1955-11-20', 'F', 'American')
GO

INSERT INTO HumanResources.Employee (employee_id,start_date,end_date,position_id,email,phone_number) VALUES (164, '2020-06-01', NULL, 1, 'leanne.ingham@kocsis.com', '510-724-2773')
INSERT INTO HumanResources.Employee (employee_id,start_date,end_date,position_id,email,phone_number) VALUES (165, '2020-06-01', NULL, 2, 'rufus.bailey@kocsis.com', '573-779-5354')
INSERT INTO HumanResources.Employee (employee_id,start_date,end_date,position_id,email,phone_number) VALUES (166, '2020-06-01', NULL, 3, 'francesca.anderson@kocsis.com', '615-905-5790')
INSERT INTO HumanResources.Employee (employee_id,start_date,end_date,position_id,email,phone_number) VALUES (167, '2020-06-01', NULL, 4, 'sebastian.rust@kocsis.com', '277-752-4680')
INSERT INTO HumanResources.Employee (employee_id,start_date,end_date,position_id,email,phone_number) VALUES (168, '2020-06-01', NULL, 4, 'brooklyn.robertson@kocsis.com', '985-110-5109')
INSERT INTO HumanResources.Employee (employee_id,start_date,end_date,position_id,email,phone_number) VALUES (169, '2020-06-01', '2020-12-31', 4, 'kaylee.gates@kocsis.com', '121-893-0122')
INSERT INTO HumanResources.Employee (employee_id,start_date,end_date,position_id,email,phone_number) VALUES (170, '2020-06-01', NULL, 4, 'tyson.stanton@kocsis.com', '627-928-7804')
INSERT INTO HumanResources.Employee (employee_id,start_date,end_date,position_id,email,phone_number) VALUES (171, '2020-06-01', NULL, 4, 'martin.rossi@kocsis.com', '988-985-8372')
INSERT INTO HumanResources.Employee (employee_id,start_date,end_date,position_id,email,phone_number) VALUES (172, '2020-06-01', '2021-04-30', 4, 'gwenyth.oldfield@kocsis.com', '271-767-6835')
INSERT INTO HumanResources.Employee (employee_id,start_date,end_date,position_id,email,phone_number) VALUES (173, '2020-06-01', NULL, 4, 'harmony.jacobs@kocsis.com', '427-500-3165')
INSERT INTO HumanResources.Employee (employee_id,start_date,end_date,position_id,email,phone_number) VALUES (174, '2020-06-01', '2022-02-01', 4, 'lorraine.irwin@kocsis.com', '764-527-8835')
INSERT INTO HumanResources.Employee (employee_id,start_date,end_date,position_id,email,phone_number) VALUES (175, '2020-06-01', NULL, 4, 'maxwell.thomas@kocsis.com', '442-666-3313')
INSERT INTO HumanResources.Employee (employee_id,start_date,end_date,position_id,email,phone_number) VALUES (176, '2020-06-01', NULL, 4, 'abdul.carson@kocsis.com', '251-640-0827')
INSERT INTO HumanResources.Employee (employee_id,start_date,end_date,position_id,email,phone_number) VALUES (177, '2020-06-01', NULL, 5, 'ivette.webster@kocsis.com', '997-723-6839')
INSERT INTO HumanResources.Employee (employee_id,start_date,end_date,position_id,email,phone_number) VALUES (178, '2020-06-01', '2021-01-30', 5, 'ember.owens@kocsis.com', '145-921-3100')
INSERT INTO HumanResources.Employee (employee_id,start_date,end_date,position_id,email,phone_number) VALUES (179, '2020-06-01', NULL, 5, 'chester.rossi@kocsis.com', '650-675-6792')
INSERT INTO HumanResources.Employee (employee_id,start_date,end_date,position_id,email,phone_number) VALUES (180, '2020-06-01', '2022-04-30', 5, 'jacob.mcleod@kocsis.com', '302-577-6431')
INSERT INTO HumanResources.Employee (employee_id,start_date,end_date,position_id,email,phone_number) VALUES (181, '2020-06-01', NULL, 5, 'alessia.thornton@kocsis.com', '252-995-6144')
INSERT INTO HumanResources.Employee (employee_id,start_date,end_date,position_id,email,phone_number) VALUES (182, '2020-06-01', NULL, 5, 'elijah.maxwell@kocsis.com', '798-953-5268')
INSERT INTO HumanResources.Employee (employee_id,start_date,end_date,position_id,email,phone_number) VALUES (183, '2020-06-01', '2021-11-30', 5, 'mike.norburn@kocsis.com', '204-693-0501')
INSERT INTO HumanResources.Employee (employee_id,start_date,end_date,position_id,email,phone_number) VALUES (184, '2020-06-01', NULL, 5, 'martha.paterson@kocsis.com', '144-310-5589')
INSERT INTO HumanResources.Employee (employee_id,start_date,end_date,position_id,email,phone_number) VALUES (185, '2020-06-01', NULL, 6, 'wade.fowler@kocsis.com', '200-815-5102')
INSERT INTO HumanResources.Employee (employee_id,start_date,end_date,position_id,email,phone_number) VALUES (186, '2020-06-01', NULL, 7, 'fred.wright@kocsis.com', '210-959-3926')
INSERT INTO HumanResources.Employee (employee_id,start_date,end_date,position_id,email,phone_number) VALUES (187, '2020-06-01', NULL, 7, 'sebastian.smith@kocsis.com', '662-490-5340')
INSERT INTO HumanResources.Employee (employee_id,start_date,end_date,position_id,email,phone_number) VALUES (188, '2020-06-01', NULL, 8, 'david.wilton@kocsis.com', '654-104-0988')
INSERT INTO HumanResources.Employee (employee_id,start_date,end_date,position_id,email,phone_number) VALUES (189, '2020-06-01', NULL, 9, 'noemi.young@kocsis.com', '533-735-8806')
INSERT INTO HumanResources.Employee (employee_id,start_date,end_date,position_id,email,phone_number) VALUES (190, '2020-06-01', '2021-08-31', 9, 'chadwick.james@kocsis.com', '868-920-1810')
INSERT INTO HumanResources.Employee (employee_id,start_date,end_date,position_id,email,phone_number) VALUES (191, '2020-06-01', NULL, 9, 'bryon.mccall@kocsis.com', '727-430-5625')
INSERT INTO HumanResources.Employee (employee_id,start_date,end_date,position_id,email,phone_number) VALUES (192, '2020-06-01', NULL, 9, 'percy.howard@kocsis.com', '878-588-6960')
INSERT INTO HumanResources.Employee (employee_id,start_date,end_date,position_id,email,phone_number) VALUES (193, '2020-06-01', NULL, 9, 'carl.collis@kocsis.com', '978-615-2690')
INSERT INTO HumanResources.Employee (employee_id,start_date,end_date,position_id,email,phone_number) VALUES (194, '2020-12-31', NULL, 4, 'nicholas.eastwood@kocsis.com', '800-942-6368')
INSERT INTO HumanResources.Employee (employee_id,start_date,end_date,position_id,email,phone_number) VALUES (195, '2021-01-30', NULL, 5, 'anabel.vane@kocsis.com', '842-678-1767')
INSERT INTO HumanResources.Employee (employee_id,start_date,end_date,position_id,email,phone_number) VALUES (196, '2021-04-30', NULL, 4, 'parker.mccormick@kocsis.com', '384-717-6039')
INSERT INTO HumanResources.Employee (employee_id,start_date,end_date,position_id,email,phone_number) VALUES (197, '2021-08-31', NULL, 9, 'hayden.simmons@kocsis.com', '332-376-1429')
INSERT INTO HumanResources.Employee (employee_id,start_date,end_date,position_id,email,phone_number) VALUES (198, '2021-11-30', NULL, 5, 'alessandra.vane@kocsis.com', '573-685-4177')
INSERT INTO HumanResources.Employee (employee_id,start_date,end_date,position_id,email,phone_number) VALUES (199, '2022-02-01', NULL, 4, 'roger.scott@kocsis.com', '878-107-0302')
INSERT INTO HumanResources.Employee (employee_id,start_date,end_date,position_id,email,phone_number) VALUES (200, '2022-04-30', NULL, 5, 'kendra.norburn@kocsis.com', '353-697-6274')
GO

INSERT INTO HumanResources.Address (employee_id, house_number, street, city, state, postal_code) VALUES (164, 149, 'Toban', 'New York City', 'New York', '10249')
INSERT INTO HumanResources.Address (employee_id, house_number, street, city, state, postal_code) VALUES (165, 40, 'Service', 'Rochester', 'New York', '14619')
INSERT INTO HumanResources.Address (employee_id, house_number, street, city, state, postal_code) VALUES (166, 75, 'Anderson', 'Bronx', 'New York', '10459')
INSERT INTO HumanResources.Address (employee_id, house_number, street, city, state, postal_code) VALUES (167, 2, 'Gina', 'Schenectady', 'New York', '12325')
INSERT INTO HumanResources.Address (employee_id, house_number, street, city, state, postal_code) VALUES (168, 56, 'Maywood', 'Elmira', 'New York', '14905')
INSERT INTO HumanResources.Address (employee_id, house_number, street, city, state, postal_code) VALUES (169, 241, 'Crescent Oaks', 'Rochester', 'New York', '14624')
INSERT INTO HumanResources.Address (employee_id, house_number, street, city, state, postal_code) VALUES (170, 26, 'Carberry', 'Hicksville', 'New York', '11854')
INSERT INTO HumanResources.Address (employee_id, house_number, street, city, state, postal_code) VALUES (171, 41, 'Talmadge', 'New York City', 'New York', '10150')
INSERT INTO HumanResources.Address (employee_id, house_number, street, city, state, postal_code) VALUES (172, 65, 'Sundown', 'Albany', 'New York', '12255')
INSERT INTO HumanResources.Address (employee_id, house_number, street, city, state, postal_code) VALUES (173, 8, 'Northland', 'New York City', 'New York', '10024')
INSERT INTO HumanResources.Address (employee_id, house_number, street, city, state, postal_code) VALUES (174, 83, 'Wayridge', 'Brooklyn', 'New York', '11247')
INSERT INTO HumanResources.Address (employee_id, house_number, street, city, state, postal_code) VALUES (175, 2, 'East', 'New York City', 'New York', '10029')
INSERT INTO HumanResources.Address (employee_id, house_number, street, city, state, postal_code) VALUES (176, 33, 'Pleasure', 'Yonkers', 'New York', '10705')
INSERT INTO HumanResources.Address (employee_id, house_number, street, city, state, postal_code) VALUES (177, 66, 'Westport', 'Syracuse', 'New York', '13224')
INSERT INTO HumanResources.Address (employee_id, house_number, street, city, state, postal_code) VALUES (178, 255, 'Buena Vista', 'New York City', 'New York', '10120')
INSERT INTO HumanResources.Address (employee_id, house_number, street, city, state, postal_code) VALUES (179, 158, 'Welch', 'Jamaica', 'New York', '11447')
INSERT INTO HumanResources.Address (employee_id, house_number, street, city, state, postal_code) VALUES (180, 37, 'Green Ridge', 'Buffalo', 'New York', '14205')
INSERT INTO HumanResources.Address (employee_id, house_number, street, city, state, postal_code) VALUES (181, 18, 'Mccormick', 'Rochester', 'New York', '14619')
INSERT INTO HumanResources.Address (employee_id, house_number, street, city, state, postal_code) VALUES (182, 80, 'Pennsylvania', 'Albany', 'New York', '12242')
INSERT INTO HumanResources.Address (employee_id, house_number, street, city, state, postal_code) VALUES (183, 9, 'Mifflin', 'Buffalo', 'New York', '14269')
INSERT INTO HumanResources.Address (employee_id, house_number, street, city, state, postal_code) VALUES (184, 53, 'Golf View', 'Albany', 'New York', '12242')
INSERT INTO HumanResources.Address (employee_id, house_number, street, city, state, postal_code) VALUES (185, 38, 'Acker', 'Syracuse', 'New York', '13210')
INSERT INTO HumanResources.Address (employee_id, house_number, street, city, state, postal_code) VALUES (186, 193, 'Bunker Hill', 'White Plains', 'New York', '10606')
INSERT INTO HumanResources.Address (employee_id, house_number, street, city, state, postal_code) VALUES (187, 72, 'Londonderry', 'Jamaica', 'New York', '11499')
INSERT INTO HumanResources.Address (employee_id, house_number, street, city, state, postal_code) VALUES (188, 23, 'Pennsylvania', 'Syracuse', 'New York', '13205')
INSERT INTO HumanResources.Address (employee_id, house_number, street, city, state, postal_code) VALUES (189, 122, 'Rigney', 'New York City', 'New York', '10260')
INSERT INTO HumanResources.Address (employee_id, house_number, street, city, state, postal_code) VALUES (190, 92, '1st', 'New York City', 'New York', '10004')
INSERT INTO HumanResources.Address (employee_id, house_number, street, city, state, postal_code) VALUES (191, 23, 'Carioca', 'New York City', 'New York', '10160')
INSERT INTO HumanResources.Address (employee_id, house_number, street, city, state, postal_code) VALUES (192, 173, 'Autumn Leaf', 'Jamaica', 'New York', '11436')
INSERT INTO HumanResources.Address (employee_id, house_number, street, city, state, postal_code) VALUES (193, 23, 'Stoughton', 'New York City', 'New York', '10099')
INSERT INTO HumanResources.Address (employee_id, house_number, street, city, state, postal_code) VALUES (194, 240, 'Hudson', 'Brooklyn', 'New York', '11236')
INSERT INTO HumanResources.Address (employee_id, house_number, street, city, state, postal_code) VALUES (195, 97, 'Milwaukee', 'New York City', 'New York', '10060')
INSERT INTO HumanResources.Address (employee_id, house_number, street, city, state, postal_code) VALUES (196, 60, 'Homewood', 'Buffalo', 'New York', '14269')
INSERT INTO HumanResources.Address (employee_id, house_number, street, city, state, postal_code) VALUES (197, 84, 'Sloan', 'Bronx', 'New York', '10464')
INSERT INTO HumanResources.Address (employee_id, house_number, street, city, state, postal_code) VALUES (198, 1, 'Donald', 'Brooklyn', 'New York', '11205')
INSERT INTO HumanResources.Address (employee_id, house_number, street, city, state, postal_code) VALUES (199, 62, 'Aberg', 'New York City', 'New York', '10155')
INSERT INTO HumanResources.Address (employee_id, house_number, street, city, state, postal_code) VALUES (200, 25, 'Anhalt', 'Jamaica', 'New York', '11447')
GO

INSERT INTO Person.Homeless (person_id,employee_id) VALUES (51, 167)
INSERT INTO Person.Homeless (person_id,employee_id) VALUES (52, 167)
INSERT INTO Person.Homeless (person_id,employee_id) VALUES (53, 167)
INSERT INTO Person.Homeless (person_id,employee_id) VALUES (54, 167)
INSERT INTO Person.Homeless (person_id,employee_id) VALUES (55, 167)
INSERT INTO Person.Homeless (person_id,employee_id) VALUES (56, 167)
INSERT INTO Person.Homeless (person_id,employee_id) VALUES (57, 167)
INSERT INTO Person.Homeless (person_id,employee_id) VALUES (58, 167)
INSERT INTO Person.Homeless (person_id,employee_id) VALUES (59, 167)
INSERT INTO Person.Homeless (person_id,employee_id) VALUES (60, 167)
INSERT INTO Person.Homeless (person_id,employee_id) VALUES (61, 168)
INSERT INTO Person.Homeless (person_id,employee_id) VALUES (62, 168)
INSERT INTO Person.Homeless (person_id,employee_id) VALUES (63, 168)
INSERT INTO Person.Homeless (person_id,employee_id) VALUES (64, 168)
INSERT INTO Person.Homeless (person_id,employee_id) VALUES (65, 168)
INSERT INTO Person.Homeless (person_id,employee_id) VALUES (66, 168)
INSERT INTO Person.Homeless (person_id,employee_id) VALUES (67, 168)
INSERT INTO Person.Homeless (person_id,employee_id) VALUES (68, 168)
INSERT INTO Person.Homeless (person_id,employee_id) VALUES (69, 168)
INSERT INTO Person.Homeless (person_id,employee_id) VALUES (70, 168)
INSERT INTO Person.Homeless (person_id,employee_id) VALUES (71, 169)
INSERT INTO Person.Homeless (person_id,employee_id) VALUES (72, 169)
INSERT INTO Person.Homeless (person_id,employee_id) VALUES (73, 169)
INSERT INTO Person.Homeless (person_id,employee_id) VALUES (74, 169)
INSERT INTO Person.Homeless (person_id,employee_id) VALUES (75, 169)
INSERT INTO Person.Homeless (person_id,employee_id) VALUES (76, 169)
INSERT INTO Person.Homeless (person_id,employee_id) VALUES (77, 169)
INSERT INTO Person.Homeless (person_id,employee_id) VALUES (78, 169)
INSERT INTO Person.Homeless (person_id,employee_id) VALUES (79, 169)
INSERT INTO Person.Homeless (person_id,employee_id) VALUES (80, 169)
INSERT INTO Person.Homeless (person_id,employee_id) VALUES (81, 170)
INSERT INTO Person.Homeless (person_id,employee_id) VALUES (82, 170)
INSERT INTO Person.Homeless (person_id,employee_id) VALUES (83, 170)
INSERT INTO Person.Homeless (person_id,employee_id) VALUES (84, 170)
INSERT INTO Person.Homeless (person_id,employee_id) VALUES (85, 170)
INSERT INTO Person.Homeless (person_id,employee_id) VALUES (86, 170)
INSERT INTO Person.Homeless (person_id,employee_id) VALUES (87, 170)
INSERT INTO Person.Homeless (person_id,employee_id) VALUES (88, 170)
INSERT INTO Person.Homeless (person_id,employee_id) VALUES (89, 170)
INSERT INTO Person.Homeless (person_id,employee_id) VALUES (90, 170)
INSERT INTO Person.Homeless (person_id,employee_id) VALUES (91, 171)
INSERT INTO Person.Homeless (person_id,employee_id) VALUES (92, 171)
INSERT INTO Person.Homeless (person_id,employee_id) VALUES (93, 171)
INSERT INTO Person.Homeless (person_id,employee_id) VALUES (94, 171)
INSERT INTO Person.Homeless (person_id,employee_id) VALUES (95, 171)
INSERT INTO Person.Homeless (person_id,employee_id) VALUES (96, 171)
INSERT INTO Person.Homeless (person_id,employee_id) VALUES (97, 171)
INSERT INTO Person.Homeless (person_id,employee_id) VALUES (98, 171)
INSERT INTO Person.Homeless (person_id,employee_id) VALUES (99, 171)
INSERT INTO Person.Homeless (person_id,employee_id) VALUES (100, 171)
INSERT INTO Person.Homeless (person_id,employee_id) VALUES (101, 172)
INSERT INTO Person.Homeless (person_id,employee_id) VALUES (102, 172)
INSERT INTO Person.Homeless (person_id,employee_id) VALUES (103, 172)
INSERT INTO Person.Homeless (person_id,employee_id) VALUES (104, 172)
INSERT INTO Person.Homeless (person_id,employee_id) VALUES (105, 172)
INSERT INTO Person.Homeless (person_id,employee_id) VALUES (106, 172)
INSERT INTO Person.Homeless (person_id,employee_id) VALUES (107, 172)
INSERT INTO Person.Homeless (person_id,employee_id) VALUES (108, 172)
INSERT INTO Person.Homeless (person_id,employee_id) VALUES (109, 172)
INSERT INTO Person.Homeless (person_id,employee_id) VALUES (110, 172)
INSERT INTO Person.Homeless (person_id,employee_id) VALUES (111, 173)
INSERT INTO Person.Homeless (person_id,employee_id) VALUES (112, 173)
INSERT INTO Person.Homeless (person_id,employee_id) VALUES (113, 173)
INSERT INTO Person.Homeless (person_id,employee_id) VALUES (114, 173)
INSERT INTO Person.Homeless (person_id,employee_id) VALUES (115, 173)
INSERT INTO Person.Homeless (person_id,employee_id) VALUES (116, 173)
INSERT INTO Person.Homeless (person_id,employee_id) VALUES (117, 173)
INSERT INTO Person.Homeless (person_id,employee_id) VALUES (118, 173)
INSERT INTO Person.Homeless (person_id,employee_id) VALUES (119, 173)
INSERT INTO Person.Homeless (person_id,employee_id) VALUES (120, 173)
INSERT INTO Person.Homeless (person_id,employee_id) VALUES (121, 174)
INSERT INTO Person.Homeless (person_id,employee_id) VALUES (122, 174)
INSERT INTO Person.Homeless (person_id,employee_id) VALUES (123, 174)
INSERT INTO Person.Homeless (person_id,employee_id) VALUES (124, 174)
INSERT INTO Person.Homeless (person_id,employee_id) VALUES (125, 174)
INSERT INTO Person.Homeless (person_id,employee_id) VALUES (126, 174)
INSERT INTO Person.Homeless (person_id,employee_id) VALUES (127, 174)
INSERT INTO Person.Homeless (person_id,employee_id) VALUES (128, 174)
INSERT INTO Person.Homeless (person_id,employee_id) VALUES (129, 174)
INSERT INTO Person.Homeless (person_id,employee_id) VALUES (130, 174)
INSERT INTO Person.Homeless (person_id,employee_id) VALUES (131, 175)
INSERT INTO Person.Homeless (person_id,employee_id) VALUES (132, 175)
INSERT INTO Person.Homeless (person_id,employee_id) VALUES (133, 175)
INSERT INTO Person.Homeless (person_id,employee_id) VALUES (134, 175)
INSERT INTO Person.Homeless (person_id,employee_id) VALUES (135, 175)
INSERT INTO Person.Homeless (person_id,employee_id) VALUES (136, 175)
INSERT INTO Person.Homeless (person_id,employee_id) VALUES (137, 175)
INSERT INTO Person.Homeless (person_id,employee_id) VALUES (138, 175)
INSERT INTO Person.Homeless (person_id,employee_id) VALUES (139, 175)
INSERT INTO Person.Homeless (person_id,employee_id) VALUES (140, 175)
INSERT INTO Person.Homeless (person_id,employee_id) VALUES (141, 176)
INSERT INTO Person.Homeless (person_id,employee_id) VALUES (142, 176)
INSERT INTO Person.Homeless (person_id,employee_id) VALUES (143, 176)
INSERT INTO Person.Homeless (person_id,employee_id) VALUES (144, 176)
INSERT INTO Person.Homeless (person_id,employee_id) VALUES (145, 176)
INSERT INTO Person.Homeless (person_id,employee_id) VALUES (146, 176)
INSERT INTO Person.Homeless (person_id,employee_id) VALUES (147, 176)
INSERT INTO Person.Homeless (person_id,employee_id) VALUES (148, 176)
INSERT INTO Person.Homeless (person_id,employee_id) VALUES (149, 176)
INSERT INTO Person.Homeless (person_id,employee_id) VALUES (150, 176)
INSERT INTO Person.Homeless (person_id,employee_id) VALUES (151, 167)
INSERT INTO Person.Homeless (person_id,employee_id) VALUES (152, 168)
INSERT INTO Person.Homeless (person_id,employee_id) VALUES (153, 170)
INSERT INTO Person.Homeless (person_id,employee_id) VALUES (154, 171)
INSERT INTO Person.Homeless (person_id,employee_id) VALUES (155, 173)
INSERT INTO Person.Homeless (person_id,employee_id) VALUES (156, 175)
INSERT INTO Person.Homeless (person_id,employee_id) VALUES (157, 176)
INSERT INTO Person.Homeless (person_id,employee_id) VALUES (158, 194)
INSERT INTO Person.Homeless (person_id,employee_id) VALUES (159, 196)
INSERT INTO Person.Homeless (person_id,employee_id) VALUES (160, 167)
INSERT INTO Person.Homeless (person_id,employee_id) VALUES (161, 168)
INSERT INTO Person.Homeless (person_id,employee_id) VALUES (162, 170)
INSERT INTO Person.Homeless (person_id,employee_id) VALUES (163, 171)
INSERT INTO Person.Homeless (person_id,employee_id) VALUES (71, 194)
INSERT INTO Person.Homeless (person_id,employee_id) VALUES (72, 194)
INSERT INTO Person.Homeless (person_id,employee_id) VALUES (73, 194)
INSERT INTO Person.Homeless (person_id,employee_id) VALUES (74, 194)
INSERT INTO Person.Homeless (person_id,employee_id) VALUES (75, 194)
INSERT INTO Person.Homeless (person_id,employee_id) VALUES (76, 194)
INSERT INTO Person.Homeless (person_id,employee_id) VALUES (77, 194)
INSERT INTO Person.Homeless (person_id,employee_id) VALUES (78, 194)
INSERT INTO Person.Homeless (person_id,employee_id) VALUES (79, 194)
INSERT INTO Person.Homeless (person_id,employee_id) VALUES (80, 194)
INSERT INTO Person.Homeless (person_id,employee_id) VALUES (101, 196)
INSERT INTO Person.Homeless (person_id,employee_id) VALUES (102, 196)
INSERT INTO Person.Homeless (person_id,employee_id) VALUES (103, 196)
INSERT INTO Person.Homeless (person_id,employee_id) VALUES (104, 196)
INSERT INTO Person.Homeless (person_id,employee_id) VALUES (105, 196)
INSERT INTO Person.Homeless (person_id,employee_id) VALUES (106, 196)
INSERT INTO Person.Homeless (person_id,employee_id) VALUES (107, 196)
INSERT INTO Person.Homeless (person_id,employee_id) VALUES (108, 196)
INSERT INTO Person.Homeless (person_id,employee_id) VALUES (109, 196)
INSERT INTO Person.Homeless (person_id,employee_id) VALUES (110, 196)
INSERT INTO Person.Homeless (person_id,employee_id) VALUES (121, 199)
INSERT INTO Person.Homeless (person_id,employee_id) VALUES (122, 199)
INSERT INTO Person.Homeless (person_id,employee_id) VALUES (123, 199)
INSERT INTO Person.Homeless (person_id,employee_id) VALUES (124, 199)
INSERT INTO Person.Homeless (person_id,employee_id) VALUES (125, 199)
INSERT INTO Person.Homeless (person_id,employee_id) VALUES (126, 199)
INSERT INTO Person.Homeless (person_id,employee_id) VALUES (127, 199)
INSERT INTO Person.Homeless (person_id,employee_id) VALUES (128, 199)
INSERT INTO Person.Homeless (person_id,employee_id) VALUES (129, 199)
INSERT INTO Person.Homeless (person_id,employee_id) VALUES (130, 199)
GO

INSERT INTO HumanResources.OfficeConnection (office_id,employee_id) VALUES (1, 164)
INSERT INTO HumanResources.OfficeConnection (office_id,employee_id) VALUES (2, 165)
INSERT INTO HumanResources.OfficeConnection (office_id,employee_id) VALUES (3, 166)
INSERT INTO HumanResources.OfficeConnection (office_id,employee_id) VALUES (4, 167)
INSERT INTO HumanResources.OfficeConnection (office_id,employee_id) VALUES (4, 168)
INSERT INTO HumanResources.OfficeConnection (office_id,employee_id) VALUES (4, 170)
INSERT INTO HumanResources.OfficeConnection (office_id,employee_id) VALUES (4, 171)
INSERT INTO HumanResources.OfficeConnection (office_id,employee_id) VALUES (4, 173)
INSERT INTO HumanResources.OfficeConnection (office_id,employee_id) VALUES (4, 175)
INSERT INTO HumanResources.OfficeConnection (office_id,employee_id) VALUES (4, 176)
INSERT INTO HumanResources.OfficeConnection (office_id,employee_id) VALUES (4, 194)
INSERT INTO HumanResources.OfficeConnection (office_id,employee_id) VALUES (4, 196)
INSERT INTO HumanResources.OfficeConnection (office_id,employee_id) VALUES (4, 199)
INSERT INTO HumanResources.OfficeConnection (office_id,employee_id) VALUES (5, 177)
INSERT INTO HumanResources.OfficeConnection (office_id,employee_id) VALUES (5, 179)
INSERT INTO HumanResources.OfficeConnection (office_id,employee_id) VALUES (5, 181)
INSERT INTO HumanResources.OfficeConnection (office_id,employee_id) VALUES (5, 182)
INSERT INTO HumanResources.OfficeConnection (office_id,employee_id) VALUES (5, 184)
INSERT INTO HumanResources.OfficeConnection (office_id,employee_id) VALUES (5, 195)
INSERT INTO HumanResources.OfficeConnection (office_id,employee_id) VALUES (5, 166)
INSERT INTO HumanResources.OfficeConnection (office_id,employee_id) VALUES (5, 200)
INSERT INTO HumanResources.OfficeConnection (office_id,employee_id) VALUES (6, 167)
INSERT INTO HumanResources.OfficeConnection (office_id,employee_id) VALUES (6, 168)
INSERT INTO HumanResources.OfficeConnection (office_id,employee_id) VALUES (6, 170)
INSERT INTO HumanResources.OfficeConnection (office_id,employee_id) VALUES (6, 171)
INSERT INTO HumanResources.OfficeConnection (office_id,employee_id) VALUES (6, 173)
INSERT INTO HumanResources.OfficeConnection (office_id,employee_id) VALUES (7, 175)
INSERT INTO HumanResources.OfficeConnection (office_id,employee_id) VALUES (7, 176)
INSERT INTO HumanResources.OfficeConnection (office_id,employee_id) VALUES (7, 194)
INSERT INTO HumanResources.OfficeConnection (office_id,employee_id) VALUES (7, 196)
INSERT INTO HumanResources.OfficeConnection (office_id,employee_id) VALUES (7, 199)
INSERT INTO HumanResources.OfficeConnection (office_id,employee_id) VALUES (8, 185)
INSERT INTO HumanResources.OfficeConnection (office_id,employee_id) VALUES (9, 188)
INSERT INTO HumanResources.OfficeConnection (office_id,employee_id) VALUES (5, 186)
INSERT INTO HumanResources.OfficeConnection (office_id,employee_id) VALUES (5, 187)
INSERT INTO HumanResources.OfficeConnection (office_id,employee_id) VALUES (10, 189)
INSERT INTO HumanResources.OfficeConnection (office_id,employee_id) VALUES (10, 191)
INSERT INTO HumanResources.OfficeConnection (office_id,employee_id) VALUES (10, 192)
INSERT INTO HumanResources.OfficeConnection (office_id,employee_id) VALUES (10, 193)
INSERT INTO HumanResources.OfficeConnection (office_id,employee_id) VALUES (10, 197)
GO

INSERT INTO Hostel.Reservation (room_id,person_id,pay_day,start_date,end_date) VALUES (1, 1, 10, '2020-07-10', NULL)
INSERT INTO Hostel.Reservation (room_id,person_id,pay_day,start_date,end_date) VALUES (2, 42, 27, '2020-07-27', NULL)
INSERT INTO Hostel.Reservation (room_id,person_id,pay_day,start_date,end_date) VALUES (3, 33, 12, '2020-07-12', NULL)
INSERT INTO Hostel.Reservation (room_id,person_id,pay_day,start_date,end_date) VALUES (4, 40, 26, '2020-06-26', NULL)
INSERT INTO Hostel.Reservation (room_id,person_id,pay_day,start_date,end_date) VALUES (5, 29, 12, '2020-08-12', NULL)
INSERT INTO Hostel.Reservation (room_id,person_id,pay_day,start_date,end_date) VALUES (6, 30, 17, '2020-07-17', NULL)
INSERT INTO Hostel.Reservation (room_id,person_id,pay_day,start_date,end_date) VALUES (7, 22, 21, '2020-06-21', NULL)
INSERT INTO Hostel.Reservation (room_id,person_id,pay_day,start_date,end_date) VALUES (8, 25, 14, '2020-06-14', NULL)
INSERT INTO Hostel.Reservation (room_id,person_id,pay_day,start_date,end_date) VALUES (9, 26, 28, '2020-08-28', NULL)
INSERT INTO Hostel.Reservation (room_id,person_id,pay_day,start_date,end_date) VALUES (10, 27, 27, '2020-08-27', NULL)
INSERT INTO Hostel.Reservation (room_id,person_id,pay_day,start_date,end_date) VALUES (11, 4, 3, '2020-08-03', NULL)
INSERT INTO Hostel.Reservation (room_id,person_id,pay_day,start_date,end_date) VALUES (12, 5, 7, '2020-07-07', '2021-01-07')
INSERT INTO Hostel.Reservation (room_id,person_id,pay_day,start_date,end_date) VALUES (13, 2, 2, '2020-08-02', NULL)
INSERT INTO Hostel.Reservation (room_id,person_id,pay_day,start_date,end_date) VALUES (14, 8, 15, '2020-06-15', '2021-06-15')
INSERT INTO Hostel.Reservation (room_id,person_id,pay_day,start_date,end_date) VALUES (15, 11, 8, '2020-06-08', '2021-10-08')
INSERT INTO Hostel.Reservation (room_id,person_id,pay_day,start_date,end_date) VALUES (16, 12, 23, '2020-07-23', NULL)
INSERT INTO Hostel.Reservation (room_id,person_id,pay_day,start_date,end_date) VALUES (17, 15, 2, '2020-07-02', '2021-07-02')
INSERT INTO Hostel.Reservation (room_id,person_id,pay_day,start_date,end_date) VALUES (18, 23, 27, '2020-07-27', '2021-09-27')
INSERT INTO Hostel.Reservation (room_id,person_id,pay_day,start_date,end_date) VALUES (19, 24, 8, '2020-06-08', NULL)
INSERT INTO Hostel.Reservation (room_id,person_id,pay_day,start_date,end_date) VALUES (20, 21, 7, '2020-07-07', '2021-07-07')
INSERT INTO Hostel.Reservation (room_id,person_id,pay_day,start_date,end_date) VALUES (21, 16, 14, '2020-07-14', NULL)
INSERT INTO Hostel.Reservation (room_id,person_id,pay_day,start_date,end_date) VALUES (21, 28, 14, '2020-07-14', NULL)
INSERT INTO Hostel.Reservation (room_id,person_id,pay_day,start_date,end_date) VALUES (22, 17, 23, '2020-06-23', NULL)
INSERT INTO Hostel.Reservation (room_id,person_id,pay_day,start_date,end_date) VALUES (22, 34, 23, '2020-06-23', NULL)
INSERT INTO Hostel.Reservation (room_id,person_id,pay_day,start_date,end_date) VALUES (23, 35, 9, '2020-08-09', '2021-12-09')
INSERT INTO Hostel.Reservation (room_id,person_id,pay_day,start_date,end_date) VALUES (23, 18, 9, '2020-08-09', '2021-12-09')
INSERT INTO Hostel.Reservation (room_id,person_id,pay_day,start_date,end_date) VALUES (24, 19, 14, '2020-06-14', NULL)
INSERT INTO Hostel.Reservation (room_id,person_id,pay_day,start_date,end_date) VALUES (24, 36, 14, '2020-06-14', NULL)
INSERT INTO Hostel.Reservation (room_id,person_id,pay_day,start_date,end_date) VALUES (25, 20, 10, '2020-07-10', '2021-08-10')
INSERT INTO Hostel.Reservation (room_id,person_id,pay_day,start_date,end_date) VALUES (25, 37, 10, '2020-07-10', '2021-08-10')
INSERT INTO Hostel.Reservation (room_id,person_id,pay_day,start_date,end_date) VALUES (26, 13, 29, '2020-08-29', NULL)
INSERT INTO Hostel.Reservation (room_id,person_id,pay_day,start_date,end_date) VALUES (26, 38, 29, '2020-08-29', NULL)
INSERT INTO Hostel.Reservation (room_id,person_id,pay_day,start_date,end_date) VALUES (27, 14, 5, '2020-07-05', NULL)
INSERT INTO Hostel.Reservation (room_id,person_id,pay_day,start_date,end_date) VALUES (27, 39, 5, '2020-07-05', NULL)
INSERT INTO Hostel.Reservation (room_id,person_id,pay_day,start_date,end_date) VALUES (28, 9, 22, '2020-07-22', NULL)
INSERT INTO Hostel.Reservation (room_id,person_id,pay_day,start_date,end_date) VALUES (28, 31, 22, '2020-07-22', NULL)
INSERT INTO Hostel.Reservation (room_id,person_id,pay_day,start_date,end_date) VALUES (29, 10, 29, '2020-07-29', NULL)
INSERT INTO Hostel.Reservation (room_id,person_id,pay_day,start_date,end_date) VALUES (29, 32, 29, '2020-07-29', NULL)
INSERT INTO Hostel.Reservation (room_id,person_id,pay_day,start_date,end_date) VALUES (30, 3, 1, '2020-06-01', NULL)
INSERT INTO Hostel.Reservation (room_id,person_id,pay_day,start_date,end_date) VALUES (30, 41, 1, '2020-06-01', NULL)
INSERT INTO Hostel.Reservation (room_id,person_id,pay_day,start_date,end_date) VALUES (31, 163, 10, '2020-06-16', NULL)
INSERT INTO Hostel.Reservation (room_id,person_id,pay_day,start_date,end_date) VALUES (31, 159, 10, '2020-08-05', NULL)
INSERT INTO Hostel.Reservation (room_id,person_id,pay_day,start_date,end_date) VALUES (31, 154, 10, '2020-06-11', NULL)
INSERT INTO Hostel.Reservation (room_id,person_id,pay_day,start_date,end_date) VALUES (31, 150, 10, '2020-08-30', NULL)
INSERT INTO Hostel.Reservation (room_id,person_id,pay_day,start_date,end_date) VALUES (32, 151, 10, '2020-07-28', NULL)
INSERT INTO Hostel.Reservation (room_id,person_id,pay_day,start_date,end_date) VALUES (32, 148, 10, '2020-07-14', NULL)
INSERT INTO Hostel.Reservation (room_id,person_id,pay_day,start_date,end_date) VALUES (32, 135, 10, '2020-08-09', NULL)
INSERT INTO Hostel.Reservation (room_id,person_id,pay_day,start_date,end_date) VALUES (32, 141, 10, '2020-08-20', NULL)
INSERT INTO Hostel.Reservation (room_id,person_id,pay_day,start_date,end_date) VALUES (33, 142, 10, '2020-08-24', '2021-08-24')
INSERT INTO Hostel.Reservation (room_id,person_id,pay_day,start_date,end_date) VALUES (33, 143, 10, '2020-06-25', '2021-08-24')
INSERT INTO Hostel.Reservation (room_id,person_id,pay_day,start_date,end_date) VALUES (33, 144, 10, '2020-06-17', '2021-08-24')
INSERT INTO Hostel.Reservation (room_id,person_id,pay_day,start_date,end_date) VALUES (33, 145, 10, '2020-06-11', '2021-08-24')
INSERT INTO Hostel.Reservation (room_id,person_id,pay_day,start_date,end_date) VALUES (34, 139, 10, '2020-07-06', NULL)
INSERT INTO Hostel.Reservation (room_id,person_id,pay_day,start_date,end_date) VALUES (34, 132, 10, '2020-07-04', NULL)
INSERT INTO Hostel.Reservation (room_id,person_id,pay_day,start_date,end_date) VALUES (34, 133, 10, '2020-08-25', NULL)
INSERT INTO Hostel.Reservation (room_id,person_id,pay_day,start_date,end_date) VALUES (34, 128, 10, '2020-07-09', NULL)
INSERT INTO Hostel.Reservation (room_id,person_id,pay_day,start_date,end_date) VALUES (35, 126, 10, '2020-07-09', NULL)
INSERT INTO Hostel.Reservation (room_id,person_id,pay_day,start_date,end_date) VALUES (35, 122, 10, '2020-08-29', NULL)
INSERT INTO Hostel.Reservation (room_id,person_id,pay_day,start_date,end_date) VALUES (35, 123, 10, '2020-06-20', NULL)
INSERT INTO Hostel.Reservation (room_id,person_id,pay_day,start_date,end_date) VALUES (35, 124, 10, '2020-06-16', NULL)
INSERT INTO Hostel.Reservation (room_id,person_id,pay_day,start_date,end_date) VALUES (36, 119, 10, '2020-07-17', NULL)
INSERT INTO Hostel.Reservation (room_id,person_id,pay_day,start_date,end_date) VALUES (36, 120, 10, '2020-06-01', NULL)
INSERT INTO Hostel.Reservation (room_id,person_id,pay_day,start_date,end_date) VALUES (36, 117, 10, '2020-06-07', NULL)
INSERT INTO Hostel.Reservation (room_id,person_id,pay_day,start_date,end_date) VALUES (36, 113, 10, '2020-06-13', NULL)
INSERT INTO Hostel.Reservation (room_id,person_id,pay_day,start_date,end_date) VALUES (37, 114, 10, '2020-06-13', NULL)
INSERT INTO Hostel.Reservation (room_id,person_id,pay_day,start_date,end_date) VALUES (37, 115, 10, '2020-08-05', NULL)
INSERT INTO Hostel.Reservation (room_id,person_id,pay_day,start_date,end_date) VALUES (37, 110, 10, '2020-08-07', NULL)
INSERT INTO Hostel.Reservation (room_id,person_id,pay_day,start_date,end_date) VALUES (37, 105, 10, '2020-06-22', NULL)
INSERT INTO Hostel.Reservation (room_id,person_id,pay_day,start_date,end_date) VALUES (38, 91, 10, '2020-07-09', '2021-07-09')
INSERT INTO Hostel.Reservation (room_id,person_id,pay_day,start_date,end_date) VALUES (38, 93, 10, '2020-07-30', '2021-07-09')
INSERT INTO Hostel.Reservation (room_id,person_id,pay_day,start_date,end_date) VALUES (38, 94, 10, '2020-06-10', '2021-07-09')
INSERT INTO Hostel.Reservation (room_id,person_id,pay_day,start_date,end_date) VALUES (38, 95, 10, '2020-06-05', '2021-07-09')
INSERT INTO Hostel.Reservation (room_id,person_id,pay_day,start_date,end_date) VALUES (39, 98, 10, '2020-06-06', NULL)
INSERT INTO Hostel.Reservation (room_id,person_id,pay_day,start_date,end_date) VALUES (39, 99, 10, '2020-08-24', NULL)
INSERT INTO Hostel.Reservation (room_id,person_id,pay_day,start_date,end_date) VALUES (39, 100, 10, '2020-08-01', NULL)
INSERT INTO Hostel.Reservation (room_id,person_id,pay_day,start_date,end_date) VALUES (39, 101, 10, '2020-06-03', NULL)
INSERT INTO Hostel.Reservation (room_id,person_id,pay_day,start_date,end_date) VALUES (40, 102, 10, '2020-07-26', NULL)
INSERT INTO Hostel.Reservation (room_id,person_id,pay_day,start_date,end_date) VALUES (40, 103, 10, '2020-08-04', NULL)
INSERT INTO Hostel.Reservation (room_id,person_id,pay_day,start_date,end_date) VALUES (40, 88, 10, '2020-06-29', NULL)
INSERT INTO Hostel.Reservation (room_id,person_id,pay_day,start_date,end_date) VALUES (40, 89, 10, '2020-06-20', NULL)
INSERT INTO Hostel.Reservation (room_id,person_id,pay_day,start_date,end_date) VALUES (41, 51, 10, '2020-06-22', NULL)
INSERT INTO Hostel.Reservation (room_id,person_id,pay_day,start_date,end_date) VALUES (41, 55, 10, '2020-07-19', NULL)
INSERT INTO Hostel.Reservation (room_id,person_id,pay_day,start_date,end_date) VALUES (41, 56, 10, '2020-08-21', NULL)
INSERT INTO Hostel.Reservation (room_id,person_id,pay_day,start_date,end_date) VALUES (41, 57, 10, '2020-07-08', NULL)
INSERT INTO Hostel.Reservation (room_id,person_id,pay_day,start_date,end_date) VALUES (42, 58, 10, '2020-06-21', NULL)
INSERT INTO Hostel.Reservation (room_id,person_id,pay_day,start_date,end_date) VALUES (42, 61, 10, '2020-07-21', NULL)
INSERT INTO Hostel.Reservation (room_id,person_id,pay_day,start_date,end_date) VALUES (42, 62, 10, '2020-07-22', NULL)
INSERT INTO Hostel.Reservation (room_id,person_id,pay_day,start_date,end_date) VALUES (42, 65, 10, '2020-07-05', NULL)
INSERT INTO Hostel.Reservation (room_id,person_id,pay_day,start_date,end_date) VALUES (43, 69, 10, '2020-07-18', NULL)
INSERT INTO Hostel.Reservation (room_id,person_id,pay_day,start_date,end_date) VALUES (43, 70, 10, '2020-08-21', NULL)
INSERT INTO Hostel.Reservation (room_id,person_id,pay_day,start_date,end_date) VALUES (43, 72, 10, '2020-06-20', NULL)
INSERT INTO Hostel.Reservation (room_id,person_id,pay_day,start_date,end_date) VALUES (43, 74, 10, '2020-08-16', NULL)
INSERT INTO Hostel.Reservation (room_id,person_id,pay_day,start_date,end_date) VALUES (44, 81, 10, '2020-06-22', NULL)
INSERT INTO Hostel.Reservation (room_id,person_id,pay_day,start_date,end_date) VALUES (44, 78, 10, '2020-08-17', NULL)
INSERT INTO Hostel.Reservation (room_id,person_id,pay_day,start_date,end_date) VALUES (44, 79, 10, '2020-08-27', NULL)
INSERT INTO Hostel.Reservation (room_id,person_id,pay_day,start_date,end_date) VALUES (44, 87, 10, '2020-06-26', NULL)
INSERT INTO Hostel.Reservation (room_id,person_id,pay_day,start_date,end_date) VALUES (45, 96, 10, '2020-06-10', NULL)
INSERT INTO Hostel.Reservation (room_id,person_id,pay_day,start_date,end_date) VALUES (45, 97, 10, '2020-06-22', NULL)
INSERT INTO Hostel.Reservation (room_id,person_id,pay_day,start_date,end_date) VALUES (45, 92, 10, '2020-07-21', NULL)
INSERT INTO Hostel.Reservation (room_id,person_id,pay_day,start_date,end_date) VALUES (45, 90, 10, '2020-06-11', NULL)
INSERT INTO Hostel.Reservation (room_id,person_id,pay_day,start_date,end_date) VALUES (46, 104, 10, '2020-09-09', NULL)
INSERT INTO Hostel.Reservation (room_id,person_id,pay_day,start_date,end_date) VALUES (46, 106, 10, '2020-08-11', NULL)
INSERT INTO Hostel.Reservation (room_id,person_id,pay_day,start_date,end_date) VALUES (46, 107, 10, '2020-07-23', NULL)
INSERT INTO Hostel.Reservation (room_id,person_id,pay_day,start_date,end_date) VALUES (46, 108, 10, '2020-08-28', NULL)
INSERT INTO Hostel.Reservation (room_id,person_id,pay_day,start_date,end_date) VALUES (47, 109, 10, '2020-08-29', NULL)
INSERT INTO Hostel.Reservation (room_id,person_id,pay_day,start_date,end_date) VALUES (47, 111, 10, '2020-06-19', NULL)
INSERT INTO Hostel.Reservation (room_id,person_id,pay_day,start_date,end_date) VALUES (47, 112, 10, '2020-08-27', NULL)
INSERT INTO Hostel.Reservation (room_id,person_id,pay_day,start_date,end_date) VALUES (47, 116, 10, '2020-08-02', NULL)
INSERT INTO Hostel.Reservation (room_id,person_id,pay_day,start_date,end_date) VALUES (48, 118, 10, '2020-08-14', NULL)
INSERT INTO Hostel.Reservation (room_id,person_id,pay_day,start_date,end_date) VALUES (48, 121, 10, '2020-08-14', NULL)
INSERT INTO Hostel.Reservation (room_id,person_id,pay_day,start_date,end_date) VALUES (48, 125, 10, '2020-08-08', NULL)
INSERT INTO Hostel.Reservation (room_id,person_id,pay_day,start_date,end_date) VALUES (48, 127, 10, '2020-06-09', NULL)
INSERT INTO Hostel.Reservation (room_id,person_id,pay_day,start_date,end_date) VALUES (49, 129, 10, '2020-07-20', NULL)
INSERT INTO Hostel.Reservation (room_id,person_id,pay_day,start_date,end_date) VALUES (49, 130, 10, '2020-06-01', NULL)
INSERT INTO Hostel.Reservation (room_id,person_id,pay_day,start_date,end_date) VALUES (49, 131, 10, '2020-08-01', NULL)
INSERT INTO Hostel.Reservation (room_id,person_id,pay_day,start_date,end_date) VALUES (49, 136, 10, '2020-08-12', NULL)
INSERT INTO Hostel.Reservation (room_id,person_id,pay_day,start_date,end_date) VALUES (50, 137, 10, '2020-06-07', NULL)
INSERT INTO Hostel.Reservation (room_id,person_id,pay_day,start_date,end_date) VALUES (50, 138, 10, '2020-06-22', NULL)
INSERT INTO Hostel.Reservation (room_id,person_id,pay_day,start_date,end_date) VALUES (50, 140, 10, '2020-07-18', NULL)
INSERT INTO Hostel.Reservation (room_id,person_id,pay_day,start_date,end_date) VALUES (50, 134, 10, '2020-06-27', NULL)
INSERT INTO Hostel.Reservation (room_id,person_id,pay_day,start_date,end_date) VALUES (51, 146, 10, '2020-06-21', NULL)
INSERT INTO Hostel.Reservation (room_id,person_id,pay_day,start_date,end_date) VALUES (51, 80, 10, '2020-06-21', NULL)
INSERT INTO Hostel.Reservation (room_id,person_id,pay_day,start_date,end_date) VALUES (52, 147, 10, '2020-07-25', NULL)
INSERT INTO Hostel.Reservation (room_id,person_id,pay_day,start_date,end_date) VALUES (52, 82, 10, '2020-07-25', NULL)
INSERT INTO Hostel.Reservation (room_id,person_id,pay_day,start_date,end_date) VALUES (53, 149, 10, '2020-08-10', NULL)
INSERT INTO Hostel.Reservation (room_id,person_id,pay_day,start_date,end_date) VALUES (53, 83, 10, '2020-08-10', NULL)
INSERT INTO Hostel.Reservation (room_id,person_id,pay_day,start_date,end_date) VALUES (54, 152, 10, '2020-07-09', NULL)
INSERT INTO Hostel.Reservation (room_id,person_id,pay_day,start_date,end_date) VALUES (54, 84, 10, '2020-07-09', NULL)
INSERT INTO Hostel.Reservation (room_id,person_id,pay_day,start_date,end_date) VALUES (55, 153, 10, '2020-11-03', NULL)
INSERT INTO Hostel.Reservation (room_id,person_id,pay_day,start_date,end_date) VALUES (55, 85, 10, '2020-11-03', NULL)
INSERT INTO Hostel.Reservation (room_id,person_id,pay_day,start_date,end_date) VALUES (56, 155, 10, '2020-07-12', '2021-07-12')
INSERT INTO Hostel.Reservation (room_id,person_id,pay_day,start_date,end_date) VALUES (56, 86, 10, '2020-07-12', '2021-07-12')
INSERT INTO Hostel.Reservation (room_id,person_id,pay_day,start_date,end_date) VALUES (57, 156, 10, '2020-08-11', '2021-08-11')
INSERT INTO Hostel.Reservation (room_id,person_id,pay_day,start_date,end_date) VALUES (57, 75, 10, '2020-08-11', '2021-08-11')
INSERT INTO Hostel.Reservation (room_id,person_id,pay_day,start_date,end_date) VALUES (58, 157, 10, '2020-08-12', NULL)
INSERT INTO Hostel.Reservation (room_id,person_id,pay_day,start_date,end_date) VALUES (58, 76, 10, '2020-08-12', NULL)
INSERT INTO Hostel.Reservation (room_id,person_id,pay_day,start_date,end_date) VALUES (59, 158, 10, '2020-07-22', NULL)
INSERT INTO Hostel.Reservation (room_id,person_id,pay_day,start_date,end_date) VALUES (59, 77, 10, '2020-07-22', NULL)
INSERT INTO Hostel.Reservation (room_id,person_id,pay_day,start_date,end_date) VALUES (60, 160, 10, '2020-07-18','2021-07-18')
INSERT INTO Hostel.Reservation (room_id,person_id,pay_day,start_date,end_date) VALUES (60, 73, 10, '2020-07-18', '2021-07-18')
INSERT INTO Hostel.Reservation (room_id,person_id,pay_day,start_date,end_date) VALUES (12, 43, 8, '2021-01-08', '2022-01-08')
INSERT INTO Hostel.Reservation (room_id,person_id,pay_day,start_date,end_date) VALUES (14, 44, 16, '2021-06-16', NULL)
INSERT INTO Hostel.Reservation (room_id,person_id,pay_day,start_date,end_date) VALUES (15, 45, 9, '2021-10-09', NULL)
INSERT INTO Hostel.Reservation (room_id,person_id,pay_day,start_date,end_date) VALUES (17, 46, 3, '2021-07-03', NULL)
INSERT INTO Hostel.Reservation (room_id,person_id,pay_day,start_date,end_date) VALUES (18, 47, 28, '2021-09-28', '2022-04-28')
INSERT INTO Hostel.Reservation (room_id,person_id,pay_day,start_date,end_date) VALUES (20, 48, 8, '2021-07-08', NULL)
INSERT INTO Hostel.Reservation (room_id,person_id,pay_day,start_date,end_date) VALUES (23, 49, 10, '2021-12-10', NULL)
INSERT INTO Hostel.Reservation (room_id,person_id,pay_day,start_date,end_date) VALUES (23, 6, 10, '2021-12-10', NULL)
INSERT INTO Hostel.Reservation (room_id,person_id,pay_day,start_date,end_date) VALUES (25, 51, 11, '2021-08-11', '2022-03-11')
INSERT INTO Hostel.Reservation (room_id,person_id,pay_day,start_date,end_date) VALUES (25, 7, 11, '2021-08-11', '2022-03-11')
INSERT INTO Hostel.Reservation (room_id,person_id,pay_day,start_date,end_date) VALUES (33, 71, 10, '2021-08-25', NULL)
INSERT INTO Hostel.Reservation (room_id,person_id,pay_day,start_date,end_date) VALUES (33, 66, 10, '2021-08-25', NULL)
INSERT INTO Hostel.Reservation (room_id,person_id,pay_day,start_date,end_date) VALUES (33, 67, 10, '2021-08-25', NULL)
INSERT INTO Hostel.Reservation (room_id,person_id,pay_day,start_date,end_date) VALUES (33, 68, 10, '2021-08-25', NULL)
INSERT INTO Hostel.Reservation (room_id,person_id,pay_day,start_date,end_date) VALUES (38, 63, 10, '2021-07-10', '2022-02-10')
INSERT INTO Hostel.Reservation (room_id,person_id,pay_day,start_date,end_date) VALUES (38, 64, 10, '2021-07-10', '2022-02-10')
INSERT INTO Hostel.Reservation (room_id,person_id,pay_day,start_date,end_date) VALUES (38, 59, 10, '2021-07-10', '2022-02-10')
INSERT INTO Hostel.Reservation (room_id,person_id,pay_day,start_date,end_date) VALUES (38, 60, 10, '2021-07-10', '2022-02-10')
INSERT INTO Hostel.Reservation (room_id,person_id,pay_day,start_date,end_date) VALUES (56, 161, 10, '2021-07-13', NULL)
INSERT INTO Hostel.Reservation (room_id,person_id,pay_day,start_date,end_date) VALUES (56, 52, 10, '2021-07-13', NULL)
INSERT INTO Hostel.Reservation (room_id,person_id,pay_day,start_date,end_date) VALUES (57, 162, 10, '2021-08-12', '2022-05-12')
INSERT INTO Hostel.Reservation (room_id,person_id,pay_day,start_date,end_date) VALUES (57, 53, 10, '2021-08-13', '2022-05-12')
INSERT INTO Hostel.Reservation (room_id,person_id,pay_day,start_date,end_date) VALUES (60, 201, 10, '2021-07-19', NULL)
INSERT INTO Hostel.Reservation (room_id,person_id,pay_day,start_date,end_date) VALUES (60, 54, 10, '2021-07-19', NULL)
GO

--INSERT INTO Hostel.Reservation VALUES (38, 199, 10, '2022-05-19', NULL)
--INSERT INTO Hostel.Reservation VALUES (38, 199, 10, '2022-05-19', NULL)
--UPDATE Hostel.Reservation SET end_date = '2022-05-30' WHERE res_id = 165
--INSERT INTO Hostel.Reservation VALUES (38, 198, 10, '2022-05-30', NULL)
--DELETE FROM Hostel.Reservation WHERE res_id = 167
--UPDATE Hostel.Reservation SET end_date = '2022-06-03' WHERE res_id = 166
--INSERT INTO Hostel.Reservation VALUES (38, 197, 10, '2022-06-03', NULL)
--INSERT INTO Hostel.Reservation VALUES (38, 196, 10, '2022-06-03', NULL)
--INSERT INTO Hostel.Reservation VALUES (38, 195, 10, '2022-06-03', NULL)
--INSERT INTO Hostel.Reservation VALUES (38, 194, 10, '2022-06-03', NULL)
--UPDATE Hostel.Reservation SET end_date = '2022-06-04' WHERE res_id = 168
--UPDATE Hostel.Reservation SET end_date = '2022-06-04' WHERE res_id = 169
--UPDATE Hostel.Reservation SET end_date = '2022-06-04' WHERE res_id = 170
--UPDATE Hostel.Reservation SET end_date = '2022-06-04' WHERE res_id = 171

--INSERT INTO Hostel.Reservation (room_id,person_id,pay_day,start_date,end_date,status) VALUES (1, 1, 10, '2020-07-10', NULL,'occupied')
--INSERT INTO Hostel.Reservation (room_id,person_id,pay_day,start_date,end_date,status) VALUES (2, 42, 27, '2020-07-27', NULL,'occupied')
--INSERT INTO Hostel.Reservation (room_id,person_id,pay_day,start_date,end_date,status) VALUES (3, 33, 12, '2020-07-12', NULL,'occupied')
--INSERT INTO Hostel.Reservation (room_id,person_id,pay_day,start_date,end_date,status) VALUES (4, 40, 26, '2020-06-26', NULL,'occupied')
--INSERT INTO Hostel.Reservation (room_id,person_id,pay_day,start_date,end_date,status) VALUES (5, 29, 12, '2020-08-12', NULL,'occupied')
--INSERT INTO Hostel.Reservation (room_id,person_id,pay_day,start_date,end_date,status) VALUES (6, 30, 17, '2020-07-17', NULL,'occupied')
--INSERT INTO Hostel.Reservation (room_id,person_id,pay_day,start_date,end_date,status) VALUES (7, 22, 21, '2020-06-21', NULL,'occupied')
--INSERT INTO Hostel.Reservation (room_id,person_id,pay_day,start_date,end_date,status) VALUES (8, 25, 14, '2020-06-14', NULL,'occupied')
--INSERT INTO Hostel.Reservation (room_id,person_id,pay_day,start_date,end_date,status) VALUES (9, 26, 28, '2020-08-28', NULL,'occupied')
--INSERT INTO Hostel.Reservation (room_id,person_id,pay_day,start_date,end_date,status) VALUES (10, 27, 27, '2020-08-27','2020-08-29','vacant')
--GO

--szobaban meg nem lako ujonnan felvett emberek. reservation tablaba felvihetoek az ures szobakba. (ellenorzeshez)
INSERT INTO Person.Person VALUES 
(2, 'Bob', 'Marley', '418894WL', '361848274', '5628181963', 'Nine Mile', '1945-02-06', 'M', 'Jamaican')

INSERT INTO Person.Person VALUES 
(2, 'Daphne', 'Smith', '412194HK', '361848654', '5898181963', 'Los Angeles', '1988-02-06', 'F', 'American')

INSERT INTO Person.Person VALUES 
(2, 'Tom', 'Smith', '423194AF', '365748654', '5898981963', 'New York', '1989-01-22', 'M', 'American')

INSERT INTO Person.Person VALUES 
(1, 'Miriam', 'Brown', '223194SS', '365748664', '5898881963', 'London', '1954-05-12', 'F', 'British')

INSERT INTO Person.Person VALUES 
(1, 'Brad', 'Pitt', '223194BM', '369948664', '5898881173', 'Shawnee', '1963-12-18', 'M', 'American')

INSERT INTO Person.Person VALUES 
(1, 'Dean', 'Winchester', '418812FB', '361848544', '5624581963', 'Lawrence', '1979-01-24', 'M', 'American')

INSERT INTO Person.Person VALUES 
(1, 'Sam', 'Winchester', '476194FB', '478184865', '5893781963', 'Lawrence', '1983-05-02', 'M', 'American')

INSERT INTO Person.Person VALUES 
(2, 'Nicole', 'Kidman', '465194BN', '365733654', '5898981993', 'Honolulu', '1967-06-20', 'F', 'American')

INSERT INTO Person.Person VALUES 
(2, 'Amanda', 'Simon', '252194LS', '365743564', '589888113', 'Sydney', '1988-09-13', 'F', 'Australian')

INSERT INTO Person.Person VALUES 
(2, 'Sofie', 'Black', '223194BR', '365747164', '5899181253', 'Liverpool', '2000-10-06', 'F', 'British')
